Title,Price,Rating,Availability,Url
A Light in the ...,£51.77,Three,In stock,https://books.toscrape.com/
Tipping the Velvet,£53.74,One,In stock,https://books.toscrape.com/
Soumission,£50.10,One,In stock,https://books.toscrape.com/
Sharp Objects,£47.82,Four,In stock,https://books.toscrape.com/
Sapiens: A Brief History ...,£54.23,Five,In stock,https://books.toscrape.com/
The Requiem Red,£22.65,One,In stock,https://books.toscrape.com/
The Dirty Little Secrets ...,£33.34,Four,In stock,https://books.toscrape.com/
The Coming Woman: A ...,£17.93,Three,In stock,https://books.toscrape.com/
The Boys in the ...,£22.60,Four,In stock,https://books.toscrape.com/
The Black Maria,£52.15,One,In stock,https://books.toscrape.com/
Starving Hearts (Triangular Trade ...,£13.99,Two,In stock,https://books.toscrape.com/
Shakespeare's Sonnets,£20.66,Four,In stock,https://books.toscrape.com/
Set Me Free,£17.46,Five,In stock,https://books.toscrape.com/
Scott Pilgrim's Precious Little ...,£52.29,Five,In stock,https://books.toscrape.com/
Rip it Up and ...,£35.02,Five,In stock,https://books.toscrape.com/
Our Band Could Be ...,£57.25,Three,In stock,https://books.toscrape.com/
Olio,£23.88,One,In stock,https://books.toscrape.com/
Mesaerion: The Best Science ...,£37.59,One,In stock,https://books.toscrape.com/
Libertarianism for Beginners,£51.33,Two,In stock,https://books.toscrape.com/
It's Only the Himalayas,£45.17,Two,In stock,https://books.toscrape.com/
In Her Wake,£12.84,One,In stock,https://books.toscrape.com/catalogue/page-2.html
How Music Works,£37.32,Two,In stock,https://books.toscrape.com/catalogue/page-2.html
Foolproof Preserving: A Guide ...,£30.52,Three,In stock,https://books.toscrape.com/catalogue/page-2.html
Chase Me (Paris Nights ...,£25.27,Five,In stock,https://books.toscrape.com/catalogue/page-2.html
Black Dust,£34.53,Five,In stock,https://books.toscrape.com/catalogue/page-2.html
Birdsong: A Story in ...,£54.64,Three,In stock,https://books.toscrape.com/catalogue/page-2.html
America's Cradle of Quarterbacks: ...,£22.50,Three,In stock,https://books.toscrape.com/catalogue/page-2.html
Aladdin and His Wonderful ...,£53.13,Three,In stock,https://books.toscrape.com/catalogue/page-2.html
Worlds Elsewhere: Journeys Around ...,£40.30,Five,In stock,https://books.toscrape.com/catalogue/page-2.html
Wall and Piece,£44.18,Four,In stock,https://books.toscrape.com/catalogue/page-2.html
The Four Agreements: A ...,£17.66,Five,In stock,https://books.toscrape.com/catalogue/page-2.html
The Five Love Languages: ...,£31.05,Three,In stock,https://books.toscrape.com/catalogue/page-2.html
The Elephant Tree,£23.82,Five,In stock,https://books.toscrape.com/catalogue/page-2.html
The Bear and the ...,£36.89,One,In stock,https://books.toscrape.com/catalogue/page-2.html
Sophie's World,£15.94,Five,In stock,https://books.toscrape.com/catalogue/page-2.html
Penny Maybe,£33.29,Three,In stock,https://books.toscrape.com/catalogue/page-2.html
Maude (1883-1993):She Grew Up ...,£18.02,Two,In stock,https://books.toscrape.com/catalogue/page-2.html
"In a Dark, Dark ...",£19.63,One,In stock,https://books.toscrape.com/catalogue/page-2.html
Behind Closed Doors,£52.22,Four,In stock,https://books.toscrape.com/catalogue/page-2.html
You can't bury them ...,£33.63,Two,In stock,https://books.toscrape.com/catalogue/page-2.html
Slow States of Collapse: ...,£57.31,Three,In stock,https://books.toscrape.com/catalogue/page-3.html
Reasons to Stay Alive,£26.41,Two,In stock,https://books.toscrape.com/catalogue/page-3.html
Private Paris (Private #10),£47.61,Five,In stock,https://books.toscrape.com/catalogue/page-3.html
#HigherSelfie: Wake Up Your ...,£23.11,Five,In stock,https://books.toscrape.com/catalogue/page-3.html
Without Borders (Wanderlove #1),£45.07,Two,In stock,https://books.toscrape.com/catalogue/page-3.html
When We Collided,£31.77,One,In stock,https://books.toscrape.com/catalogue/page-3.html
"We Love You, Charlie ...",£50.27,Five,In stock,https://books.toscrape.com/catalogue/page-3.html
Untitled Collection: Sabbath Poems ...,£14.27,Four,In stock,https://books.toscrape.com/catalogue/page-3.html
Unseen City: The Majesty ...,£44.18,Four,In stock,https://books.toscrape.com/catalogue/page-3.html
Unicorn Tracks,£18.78,Three,In stock,https://books.toscrape.com/catalogue/page-3.html
Unbound: How Eight Technologies ...,£25.52,One,In stock,https://books.toscrape.com/catalogue/page-3.html
Tsubasa: WoRLD CHRoNiCLE 2 ...,£16.28,One,In stock,https://books.toscrape.com/catalogue/page-3.html
Throwing Rocks at the ...,£31.12,Three,In stock,https://books.toscrape.com/catalogue/page-3.html
This One Summer,£19.49,Four,In stock,https://books.toscrape.com/catalogue/page-3.html
Thirst,£17.27,Five,In stock,https://books.toscrape.com/catalogue/page-3.html
The Torch Is Passed: ...,£19.09,One,In stock,https://books.toscrape.com/catalogue/page-3.html
The Secret of Dreadwillow ...,£56.13,One,In stock,https://books.toscrape.com/catalogue/page-3.html
The Pioneer Woman Cooks: ...,£56.41,One,In stock,https://books.toscrape.com/catalogue/page-3.html
The Past Never Ends,£56.50,Four,In stock,https://books.toscrape.com/catalogue/page-3.html
The Natural History of ...,£45.22,Three,In stock,https://books.toscrape.com/catalogue/page-3.html
The Nameless City (The ...,£38.16,Four,In stock,https://books.toscrape.com/catalogue/page-4.html
The Murder That Never ...,£54.11,Three,In stock,https://books.toscrape.com/catalogue/page-4.html
The Most Perfect Thing: ...,£42.96,Four,In stock,https://books.toscrape.com/catalogue/page-4.html
The Mindfulness and Acceptance ...,£23.89,Four,In stock,https://books.toscrape.com/catalogue/page-4.html
The Life-Changing Magic of ...,£16.77,Three,In stock,https://books.toscrape.com/catalogue/page-4.html
The Inefficiency Assassin: Time ...,£20.59,Five,In stock,https://books.toscrape.com/catalogue/page-4.html
The Gutsy Girl: Escapades ...,£37.13,One,In stock,https://books.toscrape.com/catalogue/page-4.html
The Electric Pencil: Drawings ...,£56.06,One,In stock,https://books.toscrape.com/catalogue/page-4.html
The Death of Humanity: ...,£58.11,Four,In stock,https://books.toscrape.com/catalogue/page-4.html
The Bulletproof Diet: Lose ...,£49.05,Three,In stock,https://books.toscrape.com/catalogue/page-4.html
The Art Forger,£40.76,Three,In stock,https://books.toscrape.com/catalogue/page-4.html
The Age of Genius: ...,£19.73,One,In stock,https://books.toscrape.com/catalogue/page-4.html
The Activist's Tao Te ...,£32.24,Five,In stock,https://books.toscrape.com/catalogue/page-4.html
Spark Joy: An Illustrated ...,£41.83,Four,In stock,https://books.toscrape.com/catalogue/page-4.html
Soul Reader,£39.58,Two,In stock,https://books.toscrape.com/catalogue/page-4.html
Security,£39.25,Two,In stock,https://books.toscrape.com/catalogue/page-4.html
"Saga, Volume 6 (Saga ...",£25.02,Three,In stock,https://books.toscrape.com/catalogue/page-4.html
"Saga, Volume 5 (Saga ...",£51.04,Two,In stock,https://books.toscrape.com/catalogue/page-4.html
Reskilling America: Learning to ...,£19.83,Two,In stock,https://books.toscrape.com/catalogue/page-4.html
"Rat Queens, Vol. 3: ...",£50.40,Three,In stock,https://books.toscrape.com/catalogue/page-4.html
"Princess Jellyfish 2-in-1 Omnibus, ...",£13.61,Five,In stock,https://books.toscrape.com/catalogue/page-5.html
Princess Between Worlds (Wide-Awake ...,£13.34,Five,In stock,https://books.toscrape.com/catalogue/page-5.html
"Pop Gun War, Volume ...",£18.97,One,In stock,https://books.toscrape.com/catalogue/page-5.html
"Political Suicide: Missteps, Peccadilloes, ...",£36.28,Two,In stock,https://books.toscrape.com/catalogue/page-5.html
Patience,£10.16,Three,In stock,https://books.toscrape.com/catalogue/page-5.html
"Outcast, Vol. 1: A ...",£15.44,Four,In stock,https://books.toscrape.com/catalogue/page-5.html
orange: The Complete Collection ...,£48.41,One,In stock,https://books.toscrape.com/catalogue/page-5.html
Online Marketing for Busy ...,£46.35,One,In stock,https://books.toscrape.com/catalogue/page-5.html
On a Midnight Clear,£14.07,Three,In stock,https://books.toscrape.com/catalogue/page-5.html
Obsidian (Lux #1),£14.86,Two,In stock,https://books.toscrape.com/catalogue/page-5.html
My Paris Kitchen: Recipes ...,£33.37,Two,In stock,https://books.toscrape.com/catalogue/page-5.html
Masks and Shadows,£56.40,Two,In stock,https://books.toscrape.com/catalogue/page-5.html
Mama Tried: Traditional Italian ...,£14.02,Four,In stock,https://books.toscrape.com/catalogue/page-5.html
"Lumberjanes, Vol. 2: Friendship ...",£46.91,Two,In stock,https://books.toscrape.com/catalogue/page-5.html
"Lumberjanes, Vol. 1: Beware ...",£45.61,Three,In stock,https://books.toscrape.com/catalogue/page-5.html
Lumberjanes Vol. 3: A ...,£19.92,Two,In stock,https://books.toscrape.com/catalogue/page-5.html
"Layered: Baking, Building, and ...",£40.11,One,In stock,https://books.toscrape.com/catalogue/page-5.html
Judo: Seven Steps to ...,£53.90,Two,In stock,https://books.toscrape.com/catalogue/page-5.html
Join,£35.67,Five,In stock,https://books.toscrape.com/catalogue/page-5.html
In the Country We ...,£22.00,Four,In stock,https://books.toscrape.com/catalogue/page-5.html
Immunity: How Elie Metchnikoff ...,£57.36,Five,In stock,https://books.toscrape.com/catalogue/page-6.html
"I Hate Fairyland, Vol. ...",£29.17,Two,In stock,https://books.toscrape.com/catalogue/page-6.html
I am a Hero ...,£54.63,Three,In stock,https://books.toscrape.com/catalogue/page-6.html
How to Be Miserable: ...,£46.03,One,In stock,https://books.toscrape.com/catalogue/page-6.html
Her Backup Boyfriend (The ...,£33.97,One,In stock,https://books.toscrape.com/catalogue/page-6.html
"Giant Days, Vol. 2 ...",£22.11,Two,In stock,https://books.toscrape.com/catalogue/page-6.html
Forever and Forever: The ...,£29.69,Three,In stock,https://books.toscrape.com/catalogue/page-6.html
First and First (Five ...,£15.97,Four,In stock,https://books.toscrape.com/catalogue/page-6.html
Fifty Shades Darker (Fifty ...,£21.96,One,In stock,https://books.toscrape.com/catalogue/page-6.html
Everydata: The Misinformation Hidden ...,£54.35,Two,In stock,https://books.toscrape.com/catalogue/page-6.html
Don't Be a Jerk: ...,£37.97,Two,In stock,https://books.toscrape.com/catalogue/page-6.html
Danganronpa Volume 1,£51.99,Four,In stock,https://books.toscrape.com/catalogue/page-6.html
Crown of Midnight (Throne ...,£43.29,Three,In stock,https://books.toscrape.com/catalogue/page-6.html
"Codename Baboushka, Volume 1: ...",£36.72,Four,In stock,https://books.toscrape.com/catalogue/page-6.html
Camp Midnight,£17.08,Four,In stock,https://books.toscrape.com/catalogue/page-6.html
Call the Nurse: True ...,£29.14,Five,In stock,https://books.toscrape.com/catalogue/page-6.html
Burning,£28.81,Three,In stock,https://books.toscrape.com/catalogue/page-6.html
Bossypants,£49.46,Two,In stock,https://books.toscrape.com/catalogue/page-6.html
"Bitch Planet, Vol. 1: ...",£37.92,Two,In stock,https://books.toscrape.com/catalogue/page-6.html
Avatar: The Last Airbender: ...,£28.09,Two,In stock,https://books.toscrape.com/catalogue/page-6.html
Algorithms to Live By: ...,£30.81,One,In stock,https://books.toscrape.com/catalogue/page-7.html
A World of Flavor: ...,£42.95,One,In stock,https://books.toscrape.com/catalogue/page-7.html
"A Piece of Sky, ...",£56.76,Five,In stock,https://books.toscrape.com/catalogue/page-7.html
A Murder in Time,£16.64,One,In stock,https://books.toscrape.com/catalogue/page-7.html
A Flight of Arrows ...,£55.53,Five,In stock,https://books.toscrape.com/catalogue/page-7.html
A Fierce and Subtle ...,£28.13,Four,In stock,https://books.toscrape.com/catalogue/page-7.html
A Court of Thorns ...,£52.37,One,In stock,https://books.toscrape.com/catalogue/page-7.html
(Un)Qualified: How God Uses ...,£54.00,Five,In stock,https://books.toscrape.com/catalogue/page-7.html
You Are What You ...,£21.87,Four,In stock,https://books.toscrape.com/catalogue/page-7.html
William Shakespeare's Star Wars: ...,£43.30,Four,In stock,https://books.toscrape.com/catalogue/page-7.html
Tuesday Nights in 1980,£21.04,Two,In stock,https://books.toscrape.com/catalogue/page-7.html
Tracing Numbers on a ...,£41.60,Three,In stock,https://books.toscrape.com/catalogue/page-7.html
Throne of Glass (Throne ...,£35.07,Three,In stock,https://books.toscrape.com/catalogue/page-7.html
Thomas Jefferson and the ...,£59.64,One,In stock,https://books.toscrape.com/catalogue/page-7.html
Thirteen Reasons Why,£52.72,One,In stock,https://books.toscrape.com/catalogue/page-7.html
The White Cat and ...,£58.08,Four,In stock,https://books.toscrape.com/catalogue/page-7.html
The Wedding Dress,£24.12,One,In stock,https://books.toscrape.com/catalogue/page-7.html
The Vacationers,£42.15,Four,In stock,https://books.toscrape.com/catalogue/page-7.html
The Third Wave: An ...,£12.61,Five,In stock,https://books.toscrape.com/catalogue/page-7.html
The Stranger,£17.44,Four,In stock,https://books.toscrape.com/catalogue/page-7.html
The Shadow Hero (The ...,£33.14,One,In stock,https://books.toscrape.com/catalogue/page-8.html
The Secret (The Secret ...,£27.37,Four,In stock,https://books.toscrape.com/catalogue/page-8.html
The Regional Office Is ...,£51.36,Five,In stock,https://books.toscrape.com/catalogue/page-8.html
The Psychopath Test: A ...,£36.00,Two,In stock,https://books.toscrape.com/catalogue/page-8.html
The Project,£10.65,One,In stock,https://books.toscrape.com/catalogue/page-8.html
The Power of Now: ...,£43.54,Two,In stock,https://books.toscrape.com/catalogue/page-8.html
The Omnivore's Dilemma: A ...,£38.21,Two,In stock,https://books.toscrape.com/catalogue/page-8.html
The Nerdy Nummies Cookbook: ...,£37.34,Five,In stock,https://books.toscrape.com/catalogue/page-8.html
The Murder of Roger ...,£44.10,Four,In stock,https://books.toscrape.com/catalogue/page-8.html
The Mistake (Off-Campus #2),£43.29,Three,In stock,https://books.toscrape.com/catalogue/page-8.html
The Matchmaker's Playbook (Wingmen ...,£55.85,One,In stock,https://books.toscrape.com/catalogue/page-8.html
The Love and Lemons ...,£37.60,Two,In stock,https://books.toscrape.com/catalogue/page-8.html
The Long Shadow of ...,£10.97,One,In stock,https://books.toscrape.com/catalogue/page-8.html
The Kite Runner,£41.82,Four,In stock,https://books.toscrape.com/catalogue/page-8.html
The House by the ...,£36.95,One,In stock,https://books.toscrape.com/catalogue/page-8.html
The Glittering Court (The ...,£44.28,One,In stock,https://books.toscrape.com/catalogue/page-8.html
The Girl on the ...,£55.02,Two,In stock,https://books.toscrape.com/catalogue/page-8.html
The Genius of Birds,£17.24,One,In stock,https://books.toscrape.com/catalogue/page-8.html
The Emerald Mystery,£23.15,Two,In stock,https://books.toscrape.com/catalogue/page-8.html
The Cookies & Cups ...,£41.25,One,In stock,https://books.toscrape.com/catalogue/page-8.html
The Bridge to Consciousness: ...,£32.00,Three,In stock,https://books.toscrape.com/catalogue/page-9.html
The Artist's Way: A ...,£38.49,Five,In stock,https://books.toscrape.com/catalogue/page-9.html
The Art of War,£33.34,Five,In stock,https://books.toscrape.com/catalogue/page-9.html
The Argonauts,£10.93,Two,In stock,https://books.toscrape.com/catalogue/page-9.html
The 10% Entrepreneur: Live ...,£27.55,Three,In stock,https://books.toscrape.com/catalogue/page-9.html
Suddenly in Love (Lake ...,£55.99,Two,In stock,https://books.toscrape.com/catalogue/page-9.html
Something More Than This,£16.24,Four,In stock,https://books.toscrape.com/catalogue/page-9.html
Soft Apocalypse,£26.12,Two,In stock,https://books.toscrape.com/catalogue/page-9.html
So You've Been Publicly ...,£12.23,Two,In stock,https://books.toscrape.com/catalogue/page-9.html
Shoe Dog: A Memoir ...,£23.99,Two,In stock,https://books.toscrape.com/catalogue/page-9.html
"Shobu Samurai, Project Aryoku ...",£29.06,Three,In stock,https://books.toscrape.com/catalogue/page-9.html
Secrets and Lace (Fatal ...,£20.27,One,In stock,https://books.toscrape.com/catalogue/page-9.html
Scarlett Epstein Hates It ...,£43.55,Five,In stock,https://books.toscrape.com/catalogue/page-9.html
Romero and Juliet: A ...,£36.94,One,In stock,https://books.toscrape.com/catalogue/page-9.html
Redeeming Love,£20.47,Five,In stock,https://books.toscrape.com/catalogue/page-9.html
Poses for Artists Volume ...,£41.06,One,In stock,https://books.toscrape.com/catalogue/page-9.html
Poems That Make Grown ...,£14.19,Four,In stock,https://books.toscrape.com/catalogue/page-9.html
"Nightingale, Sing",£38.28,One,In stock,https://books.toscrape.com/catalogue/page-9.html
Night Sky with Exit ...,£41.05,One,In stock,https://books.toscrape.com/catalogue/page-9.html
Mrs. Houdini,£30.25,Five,In stock,https://books.toscrape.com/catalogue/page-9.html
Modern Romance,£28.26,Five,In stock,https://books.toscrape.com/catalogue/page-10.html
Miss Peregrine’s Home for ...,£10.76,One,In stock,https://books.toscrape.com/catalogue/page-10.html
Louisa: The Extraordinary Life ...,£16.85,Two,In stock,https://books.toscrape.com/catalogue/page-10.html
Little Red,£13.47,Three,In stock,https://books.toscrape.com/catalogue/page-10.html
Library of Souls (Miss ...,£48.56,Five,In stock,https://books.toscrape.com/catalogue/page-10.html
Large Print Heart of ...,£19.15,Two,In stock,https://books.toscrape.com/catalogue/page-10.html
I Had a Nice ...,£57.36,Four,In stock,https://books.toscrape.com/catalogue/page-10.html
Hollow City (Miss Peregrine’s ...,£42.98,One,In stock,https://books.toscrape.com/catalogue/page-10.html
Grumbles,£22.16,Two,In stock,https://books.toscrape.com/catalogue/page-10.html
Full Moon over Noah’s ...,£49.43,Four,In stock,https://books.toscrape.com/catalogue/page-10.html
Frostbite (Vampire Academy #2),£29.99,Five,In stock,https://books.toscrape.com/catalogue/page-10.html
Follow You Home,£21.36,One,In stock,https://books.toscrape.com/catalogue/page-10.html
First Steps for New ...,£29.00,One,In stock,https://books.toscrape.com/catalogue/page-10.html
Finders Keepers (Bill Hodges ...,£53.53,Five,In stock,https://books.toscrape.com/catalogue/page-10.html
"Fables, Vol. 1: Legends ...",£41.62,Four,In stock,https://books.toscrape.com/catalogue/page-10.html
Eureka Trivia 6.0,£54.59,Four,In stock,https://books.toscrape.com/catalogue/page-10.html
Drive: The Surprising Truth ...,£34.95,Four,In stock,https://books.toscrape.com/catalogue/page-10.html
Done Rubbed Out (Reightman ...,£37.72,Five,In stock,https://books.toscrape.com/catalogue/page-10.html
Doing It Over (Most ...,£35.61,Three,In stock,https://books.toscrape.com/catalogue/page-10.html
Deliciously Ella Every Day: ...,£42.16,Three,In stock,https://books.toscrape.com/catalogue/page-10.html
Dark Notes,£19.19,Five,In stock,https://books.toscrape.com/catalogue/page-11.html
Daring Greatly: How the ...,£19.43,Three,In stock,https://books.toscrape.com/catalogue/page-11.html
Close to You,£49.46,Four,In stock,https://books.toscrape.com/catalogue/page-11.html
Chasing Heaven: What Dying ...,£37.80,Two,In stock,https://books.toscrape.com/catalogue/page-11.html
Big Magic: Creative Living ...,£30.80,Three,In stock,https://books.toscrape.com/catalogue/page-11.html
Becoming Wise: An Inquiry ...,£27.43,Two,In stock,https://books.toscrape.com/catalogue/page-11.html
Beauty Restored (Riley Family ...,£11.11,Two,In stock,https://books.toscrape.com/catalogue/page-11.html
Batman: The Long Halloween ...,£36.50,Two,In stock,https://books.toscrape.com/catalogue/page-11.html
Batman: The Dark Knight ...,£15.38,Five,In stock,https://books.toscrape.com/catalogue/page-11.html
Ayumi's Violin,£15.48,Two,In stock,https://books.toscrape.com/catalogue/page-11.html
Anonymous,£46.82,Four,In stock,https://books.toscrape.com/catalogue/page-11.html
Amy Meets the Saints ...,£18.46,Three,In stock,https://books.toscrape.com/catalogue/page-11.html
Amid the Chaos,£36.58,One,In stock,https://books.toscrape.com/catalogue/page-11.html
Amatus,£50.54,Five,In stock,https://books.toscrape.com/catalogue/page-11.html
Agnostic: A Spirited Manifesto,£12.51,Five,In stock,https://books.toscrape.com/catalogue/page-11.html
Zealot: The Life and ...,£24.70,Three,In stock,https://books.toscrape.com/catalogue/page-11.html
You (You #1),£43.61,Five,In stock,https://books.toscrape.com/catalogue/page-11.html
"Wonder Woman: Earth One, ...",£37.34,Four,In stock,https://books.toscrape.com/catalogue/page-11.html
Wild Swans,£14.36,Two,In stock,https://books.toscrape.com/catalogue/page-11.html
Why the Right Went ...,£52.65,Four,In stock,https://books.toscrape.com/catalogue/page-11.html
Whole Lotta Creativity Going ...,£38.20,Four,In stock,https://books.toscrape.com/catalogue/page-12.html
What's It Like in ...,£19.60,Two,In stock,https://books.toscrape.com/catalogue/page-12.html
"We Are Robin, Vol. ...",£53.90,One,In stock,https://books.toscrape.com/catalogue/page-12.html
Walt Disney's Alice in ...,£12.96,Five,In stock,https://books.toscrape.com/catalogue/page-12.html
V for Vendetta (V ...,£37.10,Four,In stock,https://books.toscrape.com/catalogue/page-12.html
Until Friday Night (The ...,£46.31,Two,In stock,https://books.toscrape.com/catalogue/page-12.html
Unbroken: A World War ...,£45.95,Two,In stock,https://books.toscrape.com/catalogue/page-12.html
Twenty Yawns,£22.08,Two,In stock,https://books.toscrape.com/catalogue/page-12.html
Through the Woods,£25.38,Two,In stock,https://books.toscrape.com/catalogue/page-12.html
This Is Where It ...,£27.12,Two,In stock,https://books.toscrape.com/catalogue/page-12.html
The Year of Magical ...,£43.04,Two,In stock,https://books.toscrape.com/catalogue/page-12.html
The Wright Brothers,£56.80,Four,In stock,https://books.toscrape.com/catalogue/page-12.html
The White Queen (The ...,£25.91,Five,In stock,https://books.toscrape.com/catalogue/page-12.html
The Wedding Pact (The ...,£32.61,Three,In stock,https://books.toscrape.com/catalogue/page-12.html
The Time Keeper,£27.88,Five,In stock,https://books.toscrape.com/catalogue/page-12.html
The Testament of Mary,£52.67,Four,In stock,https://books.toscrape.com/catalogue/page-12.html
The Star-Touched Queen,£46.02,Five,In stock,https://books.toscrape.com/catalogue/page-12.html
The Songs of the ...,£44.48,Five,In stock,https://books.toscrape.com/catalogue/page-12.html
The Song of Achilles,£37.40,Five,In stock,https://books.toscrape.com/catalogue/page-12.html
The Rosie Project (Don ...,£54.04,One,In stock,https://books.toscrape.com/catalogue/page-12.html
The Power of Habit: ...,£16.88,Three,In stock,https://books.toscrape.com/catalogue/page-13.html
The Marriage of Opposites,£28.08,Four,In stock,https://books.toscrape.com/catalogue/page-13.html
The Lucifer Effect: Understanding ...,£10.40,One,In stock,https://books.toscrape.com/catalogue/page-13.html
The Long Haul (Diary ...,£44.07,One,In stock,https://books.toscrape.com/catalogue/page-13.html
The Loney,£23.40,One,In stock,https://books.toscrape.com/catalogue/page-13.html
The Literature Book (Big ...,£17.43,Three,In stock,https://books.toscrape.com/catalogue/page-13.html
The Last Mile (Amos ...,£54.21,Two,In stock,https://books.toscrape.com/catalogue/page-13.html
The Immortal Life of ...,£40.67,Two,In stock,https://books.toscrape.com/catalogue/page-13.html
The Hidden Oracle (The ...,£52.26,Two,In stock,https://books.toscrape.com/catalogue/page-13.html
The Help Yourself Cookbook ...,£28.77,Three,In stock,https://books.toscrape.com/catalogue/page-13.html
The Guilty (Will Robie ...,£13.82,Two,In stock,https://books.toscrape.com/catalogue/page-13.html
The First Hostage (J.B. ...,£25.85,Three,In stock,https://books.toscrape.com/catalogue/page-13.html
The Dovekeepers,£48.78,One,In stock,https://books.toscrape.com/catalogue/page-13.html
The Darkest Lie,£35.35,Five,In stock,https://books.toscrape.com/catalogue/page-13.html
The Bane Chronicles (The ...,£44.73,Four,In stock,https://books.toscrape.com/catalogue/page-13.html
The Bad-Ass Librarians of ...,£15.77,One,In stock,https://books.toscrape.com/catalogue/page-13.html
The 14th Colony (Cotton ...,£39.24,One,In stock,https://books.toscrape.com/catalogue/page-13.html
That Darkness (Gardiner and ...,£13.92,One,In stock,https://books.toscrape.com/catalogue/page-13.html
Tastes Like Fear (DI ...,£10.69,One,In stock,https://books.toscrape.com/catalogue/page-13.html
Take Me with You,£45.21,Three,In stock,https://books.toscrape.com/catalogue/page-13.html
Swell: A Year of ...,£45.58,One,In stock,https://books.toscrape.com/catalogue/page-14.html
Superman Vol. 1: Before ...,£11.89,Five,In stock,https://books.toscrape.com/catalogue/page-14.html
Still Life with Bread ...,£26.41,Three,In stock,https://books.toscrape.com/catalogue/page-14.html
Steve Jobs,£39.50,Five,In stock,https://books.toscrape.com/catalogue/page-14.html
Sorting the Beef from ...,£44.74,Four,In stock,https://books.toscrape.com/catalogue/page-14.html
Someone Like You (The ...,£52.79,Five,In stock,https://books.toscrape.com/catalogue/page-14.html
"So Cute It Hurts!!, ...",£35.43,Four,In stock,https://books.toscrape.com/catalogue/page-14.html
Shtum,£55.84,Four,In stock,https://books.toscrape.com/catalogue/page-14.html
See America: A Celebration ...,£48.87,Three,In stock,https://books.toscrape.com/catalogue/page-14.html
salt.,£46.78,Four,In stock,https://books.toscrape.com/catalogue/page-14.html
Robin War,£47.82,Three,In stock,https://books.toscrape.com/catalogue/page-14.html
"Red Hood/Arsenal, Vol. 1: ...",£25.48,Two,In stock,https://books.toscrape.com/catalogue/page-14.html
Rain Fish,£23.57,Three,In stock,https://books.toscrape.com/catalogue/page-14.html
Quarter Life Poetry: Poems ...,£50.89,Five,In stock,https://books.toscrape.com/catalogue/page-14.html
Pet Sematary,£10.56,Three,In stock,https://books.toscrape.com/catalogue/page-14.html
"Overload: How to Unplug, ...",£52.15,Three,In stock,https://books.toscrape.com/catalogue/page-14.html
Once Was a Time,£18.28,Two,In stock,https://books.toscrape.com/catalogue/page-14.html
Old School (Diary of ...,£11.83,Five,In stock,https://books.toscrape.com/catalogue/page-14.html
No Dream Is Too ...,£21.95,Two,In stock,https://books.toscrape.com/catalogue/page-14.html
"Naruto (3-in-1 Edition), Vol. ...",£38.39,Two,In stock,https://books.toscrape.com/catalogue/page-14.html
My Name Is Lucy ...,£41.56,One,In stock,https://books.toscrape.com/catalogue/page-15.html
My Mrs. Brown,£24.48,Three,In stock,https://books.toscrape.com/catalogue/page-15.html
My Kind of Crazy,£40.36,One,In stock,https://books.toscrape.com/catalogue/page-15.html
Mr. Mercedes (Bill Hodges ...,£28.90,One,In stock,https://books.toscrape.com/catalogue/page-15.html
More Than Music (Chasing ...,£37.61,Two,In stock,https://books.toscrape.com/catalogue/page-15.html
Made to Stick: Why ...,£38.85,Five,In stock,https://books.toscrape.com/catalogue/page-15.html
Luis Paints the World,£53.95,Three,In stock,https://books.toscrape.com/catalogue/page-15.html
Luckiest Girl Alive,£49.83,Three,In stock,https://books.toscrape.com/catalogue/page-15.html
Lowriders to the Center ...,£51.51,Two,In stock,https://books.toscrape.com/catalogue/page-15.html
Love Is a Mix ...,£18.03,One,In stock,https://books.toscrape.com/catalogue/page-15.html
Looking for Lovely: Collecting ...,£29.14,Five,In stock,https://books.toscrape.com/catalogue/page-15.html
Living Leadership by Insight: ...,£46.91,Four,In stock,https://books.toscrape.com/catalogue/page-15.html
Let It Out: A ...,£26.79,Five,In stock,https://books.toscrape.com/catalogue/page-15.html
Lady Midnight (The Dark ...,£16.28,Five,In stock,https://books.toscrape.com/catalogue/page-15.html
"It's All Easy: Healthy, ...",£19.55,One,In stock,https://books.toscrape.com/catalogue/page-15.html
Island of Dragons (Unwanteds ...,£29.65,One,In stock,https://books.toscrape.com/catalogue/page-15.html
I Know What I'm ...,£25.98,Four,In stock,https://books.toscrape.com/catalogue/page-15.html
I Am Pilgrim (Pilgrim ...,£10.60,Four,In stock,https://books.toscrape.com/catalogue/page-15.html
Hyperbole and a Half: ...,£14.75,Five,In stock,https://books.toscrape.com/catalogue/page-15.html
"Hush, Hush (Hush, Hush ...",£47.02,Three,In stock,https://books.toscrape.com/catalogue/page-15.html
Hold Your Breath (Search ...,£28.82,One,In stock,https://books.toscrape.com/catalogue/page-16.html
Hamilton: The Revolution,£58.79,Three,In stock,https://books.toscrape.com/catalogue/page-16.html
Greek Mythic History,£10.23,Five,In stock,https://books.toscrape.com/catalogue/page-16.html
God: The Most Unpleasant ...,£30.03,Five,In stock,https://books.toscrape.com/catalogue/page-16.html
Glory over Everything: Beyond ...,£45.84,Three,In stock,https://books.toscrape.com/catalogue/page-16.html
Feathers: Displays of Brilliant ...,£49.05,Three,In stock,https://books.toscrape.com/catalogue/page-16.html
Far & Away: Places ...,£15.06,Four,In stock,https://books.toscrape.com/catalogue/page-16.html
Every Last Word,£46.47,Three,In stock,https://books.toscrape.com/catalogue/page-16.html
Eligible (The Austen Project ...,£27.09,Three,In stock,https://books.toscrape.com/catalogue/page-16.html
El Deafo,£57.62,Five,In stock,https://books.toscrape.com/catalogue/page-16.html
Eight Hundred Grapes,£14.39,Four,In stock,https://books.toscrape.com/catalogue/page-16.html
Eaternity: More than 150 ...,£51.75,Five,In stock,https://books.toscrape.com/catalogue/page-16.html
"Eat Fat, Get Thin",£54.07,Two,In stock,https://books.toscrape.com/catalogue/page-16.html
Don't Get Caught,£55.35,One,In stock,https://books.toscrape.com/catalogue/page-16.html
Doctor Sleep (The Shining ...,£40.12,Two,In stock,https://books.toscrape.com/catalogue/page-16.html
Demigods & Magicians: Percy ...,£37.51,Five,In stock,https://books.toscrape.com/catalogue/page-16.html
Dear Mr. Knightley,£11.21,Five,In stock,https://books.toscrape.com/catalogue/page-16.html
Daily Fantasy Sports,£36.58,One,In stock,https://books.toscrape.com/catalogue/page-16.html
Crazy Love: Overwhelmed by ...,£47.72,Two,In stock,https://books.toscrape.com/catalogue/page-16.html
Cometh the Hour (The ...,£25.01,Three,In stock,https://books.toscrape.com/catalogue/page-16.html
Code Name Verity (Code ...,£22.13,Four,In stock,https://books.toscrape.com/catalogue/page-17.html
Clockwork Angel (The Infernal ...,£44.14,One,In stock,https://books.toscrape.com/catalogue/page-17.html
City of Glass (The ...,£56.02,Four,In stock,https://books.toscrape.com/catalogue/page-17.html
City of Fallen Angels ...,£11.23,Four,In stock,https://books.toscrape.com/catalogue/page-17.html
City of Bones (The ...,£43.28,One,In stock,https://books.toscrape.com/catalogue/page-17.html
City of Ashes (The ...,£47.27,One,In stock,https://books.toscrape.com/catalogue/page-17.html
Cell,£20.29,Four,In stock,https://books.toscrape.com/catalogue/page-17.html
Catching Jordan (Hundred Oaks),£50.83,Three,In stock,https://books.toscrape.com/catalogue/page-17.html
"Carry On, Warrior: Thoughts ...",£31.85,Three,In stock,https://books.toscrape.com/catalogue/page-17.html
Carrie,£46.23,Two,In stock,https://books.toscrape.com/catalogue/page-17.html
Buying In: The Secret ...,£37.80,Four,In stock,https://books.toscrape.com/catalogue/page-17.html
Brain on Fire: My ...,£49.32,Five,In stock,https://books.toscrape.com/catalogue/page-17.html
Batman: Europa,£32.01,Two,In stock,https://books.toscrape.com/catalogue/page-17.html
Barefoot Contessa Back to ...,£28.01,One,In stock,https://books.toscrape.com/catalogue/page-17.html
Barefoot Contessa at Home: ...,£50.62,Five,In stock,https://books.toscrape.com/catalogue/page-17.html
Balloon Animals,£17.03,Three,In stock,https://books.toscrape.com/catalogue/page-17.html
Art Ops Vol. 1,£48.80,Three,In stock,https://books.toscrape.com/catalogue/page-17.html
Aristotle and Dante Discover ...,£58.14,Four,In stock,https://books.toscrape.com/catalogue/page-17.html
Angels Walking (Angels Walking ...,£34.20,Two,In stock,https://books.toscrape.com/catalogue/page-17.html
Angels & Demons (Robert ...,£51.48,Three,In stock,https://books.toscrape.com/catalogue/page-17.html
All the Light We ...,£29.87,Five,In stock,https://books.toscrape.com/catalogue/page-18.html
Adulthood Is a Myth: ...,£10.90,Two,In stock,https://books.toscrape.com/catalogue/page-18.html
Abstract City,£56.37,Five,In stock,https://books.toscrape.com/catalogue/page-18.html
A Time of Torment ...,£48.35,Five,In stock,https://books.toscrape.com/catalogue/page-18.html
A Study in Scarlet ...,£16.73,Two,In stock,https://books.toscrape.com/catalogue/page-18.html
A Series of Catastrophes ...,£56.48,Two,In stock,https://books.toscrape.com/catalogue/page-18.html
A People's History of ...,£40.79,Two,In stock,https://books.toscrape.com/catalogue/page-18.html
A Man Called Ove,£39.72,One,In stock,https://books.toscrape.com/catalogue/page-18.html
A Distant Mirror: The ...,£14.58,Three,In stock,https://books.toscrape.com/catalogue/page-18.html
A Brush of Wings ...,£55.51,One,In stock,https://books.toscrape.com/catalogue/page-18.html
1491: New Revelations of ...,£21.80,Three,In stock,https://books.toscrape.com/catalogue/page-18.html
"The Three Searches, Meaning, ...",£13.33,Three,In stock,https://books.toscrape.com/catalogue/page-18.html
Searching for Meaning in ...,£38.73,One,In stock,https://books.toscrape.com/catalogue/page-18.html
Rook,£37.86,Four,In stock,https://books.toscrape.com/catalogue/page-18.html
My Kitchen Year: 136 ...,£11.53,Two,In stock,https://books.toscrape.com/catalogue/page-18.html
13 Hours: The Inside ...,£27.06,One,In stock,https://books.toscrape.com/catalogue/page-18.html
Will You Won't You ...,£13.86,Three,In stock,https://books.toscrape.com/catalogue/page-18.html
Tipping Point for Planet ...,£37.55,One,In stock,https://books.toscrape.com/catalogue/page-18.html
The Star-Touched Queen,£32.30,Five,In stock,https://books.toscrape.com/catalogue/page-18.html
The Silent Sister (Riley ...,£46.29,Five,In stock,https://books.toscrape.com/catalogue/page-18.html
The Midnight Watch: A ...,£26.20,One,In stock,https://books.toscrape.com/catalogue/page-19.html
The Lonely City: Adventures ...,£33.26,Two,In stock,https://books.toscrape.com/catalogue/page-19.html
The Gray Rhino: How ...,£59.15,Four,In stock,https://books.toscrape.com/catalogue/page-19.html
The Golden Condom: And ...,£39.43,One,In stock,https://books.toscrape.com/catalogue/page-19.html
The Epidemic (The Program ...,£14.44,Five,In stock,https://books.toscrape.com/catalogue/page-19.html
The Dinner Party,£56.54,Two,In stock,https://books.toscrape.com/catalogue/page-19.html
The Diary of a ...,£59.90,Three,In stock,https://books.toscrape.com/catalogue/page-19.html
The Children,£11.88,Three,In stock,https://books.toscrape.com/catalogue/page-19.html
Stars Above (The Lunar ...,£48.05,Two,In stock,https://books.toscrape.com/catalogue/page-19.html
Snatched: How A Drug ...,£21.21,Three,In stock,https://books.toscrape.com/catalogue/page-19.html
Raspberry Pi Electronics Projects ...,£49.67,Four,In stock,https://books.toscrape.com/catalogue/page-19.html
Quench Your Own Thirst: ...,£43.14,One,In stock,https://books.toscrape.com/catalogue/page-19.html
Psycho: Sanitarium (Psycho #1.5),£36.97,Five,In stock,https://books.toscrape.com/catalogue/page-19.html
Poisonous (Max Revere Novels ...,£26.80,Three,In stock,https://books.toscrape.com/catalogue/page-19.html
One with You (Crossfire ...,£15.71,Four,In stock,https://books.toscrape.com/catalogue/page-19.html
No Love Allowed (Dodge ...,£54.65,Four,In stock,https://books.toscrape.com/catalogue/page-19.html
Murder at the 42nd ...,£54.36,Four,In stock,https://books.toscrape.com/catalogue/page-19.html
Most Wanted,£35.28,Three,In stock,https://books.toscrape.com/catalogue/page-19.html
"Love, Lies and Spies",£20.55,Two,In stock,https://books.toscrape.com/catalogue/page-19.html
How to Speak Golf: ...,£58.32,Five,In stock,https://books.toscrape.com/catalogue/page-19.html
Hide Away (Eve Duncan ...,£11.84,One,In stock,https://books.toscrape.com/catalogue/page-20.html
Furiously Happy: A Funny ...,£41.46,Four,In stock,https://books.toscrape.com/catalogue/page-20.html
Everyday Italian: 125 Simple ...,£20.10,Five,In stock,https://books.toscrape.com/catalogue/page-20.html
Equal Is Unfair: America's ...,£56.86,One,In stock,https://books.toscrape.com/catalogue/page-20.html
Eleanor & Park,£56.51,Five,In stock,https://books.toscrape.com/catalogue/page-20.html
Dirty (Dive Bar #1),£40.83,Four,In stock,https://books.toscrape.com/catalogue/page-20.html
Can You Keep a ...,£48.64,One,In stock,https://books.toscrape.com/catalogue/page-20.html
Boar Island (Anna Pigeon ...,£59.48,Three,In stock,https://books.toscrape.com/catalogue/page-20.html
A Paris Apartment,£39.01,Four,In stock,https://books.toscrape.com/catalogue/page-20.html
A la Mode: 120 ...,£38.77,One,In stock,https://books.toscrape.com/catalogue/page-20.html
Troublemaker: Surviving Hollywood and ...,£48.39,Two,In stock,https://books.toscrape.com/catalogue/page-20.html
The Widow,£27.26,Two,In stock,https://books.toscrape.com/catalogue/page-20.html
The Sleep Revolution: Transforming ...,£11.68,Four,In stock,https://books.toscrape.com/catalogue/page-20.html
The Improbability of Love,£59.45,One,In stock,https://books.toscrape.com/catalogue/page-20.html
The Art of Startup ...,£21.00,Three,In stock,https://books.toscrape.com/catalogue/page-20.html
Take Me Home Tonight ...,£53.98,Three,In stock,https://books.toscrape.com/catalogue/page-20.html
Sleeping Giants (Themis Files ...,£48.74,One,In stock,https://books.toscrape.com/catalogue/page-20.html
Setting the World on ...,£21.15,Two,In stock,https://books.toscrape.com/catalogue/page-20.html
Playing with Fire,£13.71,Three,In stock,https://books.toscrape.com/catalogue/page-20.html
Off the Hook (Fishing ...,£47.67,Three,In stock,https://books.toscrape.com/catalogue/page-20.html
Mothering Sunday,£13.34,Two,In stock,https://books.toscrape.com/catalogue/page-21.html
"Mother, Can You Not?",£16.89,Five,In stock,https://books.toscrape.com/catalogue/page-21.html
M Train,£27.18,One,In stock,https://books.toscrape.com/catalogue/page-21.html
Lilac Girls,£17.28,Two,In stock,https://books.toscrape.com/catalogue/page-21.html
Lies and Other Acts ...,£45.14,One,In stock,https://books.toscrape.com/catalogue/page-21.html
Lab Girl,£40.85,One,In stock,https://books.toscrape.com/catalogue/page-21.html
Keep Me Posted,£20.46,Four,In stock,https://books.toscrape.com/catalogue/page-21.html
It Didn't Start with ...,£56.27,Three,In stock,https://books.toscrape.com/catalogue/page-21.html
Grey (Fifty Shades #4),£48.49,Four,In stock,https://books.toscrape.com/catalogue/page-21.html
"Exit, Pursued by a ...",£51.34,Four,In stock,https://books.toscrape.com/catalogue/page-21.html
Daredevils,£16.34,Three,In stock,https://books.toscrape.com/catalogue/page-21.html
Cravings: Recipes for What ...,£20.50,Three,In stock,https://books.toscrape.com/catalogue/page-21.html
Born for This: How ...,£21.59,Five,In stock,https://books.toscrape.com/catalogue/page-21.html
Arena,£21.36,Four,In stock,https://books.toscrape.com/catalogue/page-21.html
Adultery,£20.88,Five,In stock,https://books.toscrape.com/catalogue/page-21.html
A Mother's Reckoning: Living ...,£19.53,Three,In stock,https://books.toscrape.com/catalogue/page-21.html
A Gentleman's Position (Society ...,£14.75,Five,In stock,https://books.toscrape.com/catalogue/page-21.html
11/22/1963,£48.48,Three,In stock,https://books.toscrape.com/catalogue/page-21.html
10% Happier: How I ...,£24.57,Two,In stock,https://books.toscrape.com/catalogue/page-21.html
10-Day Green Smoothie Cleanse: ...,£49.71,Five,In stock,https://books.toscrape.com/catalogue/page-21.html
Without Shame,£48.27,Five,In stock,https://books.toscrape.com/catalogue/page-22.html
Watchmen,£58.05,Four,In stock,https://books.toscrape.com/catalogue/page-22.html
Unlimited Intuition Now,£58.87,Four,In stock,https://books.toscrape.com/catalogue/page-22.html
Underlying Notes,£11.82,Two,In stock,https://books.toscrape.com/catalogue/page-22.html
The Shack,£28.03,One,In stock,https://books.toscrape.com/catalogue/page-22.html
The New Brand You: ...,£44.05,Five,In stock,https://books.toscrape.com/catalogue/page-22.html
The Moosewood Cookbook: Recipes ...,£12.34,Four,In stock,https://books.toscrape.com/catalogue/page-22.html
The Flowers Lied,£16.68,Two,In stock,https://books.toscrape.com/catalogue/page-22.html
The Fabric of the ...,£55.91,One,In stock,https://books.toscrape.com/catalogue/page-22.html
The Book of Mormon,£24.57,Three,In stock,https://books.toscrape.com/catalogue/page-22.html
The Art and Science ...,£52.98,Five,In stock,https://books.toscrape.com/catalogue/page-22.html
The Alien Club,£54.40,One,In stock,https://books.toscrape.com/catalogue/page-22.html
Suzie Snowflake: One beautiful ...,£54.81,Five,In stock,https://books.toscrape.com/catalogue/page-22.html
Nap-a-Roo,£25.08,One,In stock,https://books.toscrape.com/catalogue/page-22.html
NaNo What Now? Finding ...,£10.41,Four,In stock,https://books.toscrape.com/catalogue/page-22.html
Modern Day Fables,£47.44,Two,In stock,https://books.toscrape.com/catalogue/page-22.html
If I Gave You ...,£20.91,One,In stock,https://books.toscrape.com/catalogue/page-22.html
"Fruits Basket, Vol. 9 ...",£33.95,Four,In stock,https://books.toscrape.com/catalogue/page-22.html
Dress Your Family in ...,£43.68,Three,In stock,https://books.toscrape.com/catalogue/page-22.html
Don't Forget Steven,£33.23,One,In stock,https://books.toscrape.com/catalogue/page-22.html
Chernobyl 01:23:40: The Incredible ...,£35.92,Two,In stock,https://books.toscrape.com/catalogue/page-23.html
Art and Fear: Observations ...,£48.63,Four,In stock,https://books.toscrape.com/catalogue/page-23.html
A Shard of Ice ...,£56.63,Three,In stock,https://books.toscrape.com/catalogue/page-23.html
A Hero's Curse (The ...,£50.49,Three,In stock,https://books.toscrape.com/catalogue/page-23.html
23 Degrees South: A ...,£35.79,Two,In stock,https://books.toscrape.com/catalogue/page-23.html
Zero to One: Notes ...,£34.06,Three,In stock,https://books.toscrape.com/catalogue/page-23.html
Why Not Me?,£17.76,One,In stock,https://books.toscrape.com/catalogue/page-23.html
When Breath Becomes Air,£39.36,Two,In stock,https://books.toscrape.com/catalogue/page-23.html
Vagabonding: An Uncommon Guide ...,£36.94,Two,In stock,https://books.toscrape.com/catalogue/page-23.html
The Unlikely Pilgrimage of ...,£43.62,Five,In stock,https://books.toscrape.com/catalogue/page-23.html
The New Drawing on ...,£43.02,Three,In stock,https://books.toscrape.com/catalogue/page-23.html
"The Midnight Assassin: Panic, ...",£28.45,Four,In stock,https://books.toscrape.com/catalogue/page-23.html
The Martian (The Martian ...,£41.39,Two,In stock,https://books.toscrape.com/catalogue/page-23.html
The High Mountains of ...,£51.15,One,In stock,https://books.toscrape.com/catalogue/page-23.html
The Grownup,£35.88,One,In stock,https://books.toscrape.com/catalogue/page-23.html
The E-Myth Revisited: Why ...,£36.91,One,In stock,https://books.toscrape.com/catalogue/page-23.html
South of Sunshine,£28.93,One,In stock,https://books.toscrape.com/catalogue/page-23.html
Smarter Faster Better: The ...,£38.89,Five,In stock,https://books.toscrape.com/catalogue/page-23.html
Silence in the Dark ...,£58.33,Three,In stock,https://books.toscrape.com/catalogue/page-23.html
Shadows of the Past ...,£39.67,Five,In stock,https://books.toscrape.com/catalogue/page-23.html
Roller Girl,£14.10,Five,In stock,https://books.toscrape.com/catalogue/page-24.html
Rising Strong,£21.82,Three,In stock,https://books.toscrape.com/catalogue/page-24.html
Proofs of God: Classical ...,£54.21,One,In stock,https://books.toscrape.com/catalogue/page-24.html
Please Kill Me: The ...,£31.19,Four,In stock,https://books.toscrape.com/catalogue/page-24.html
Out of Print: City ...,£53.64,Five,In stock,https://books.toscrape.com/catalogue/page-24.html
My Life Next Door ...,£36.39,Five,In stock,https://books.toscrape.com/catalogue/page-24.html
Miller's Valley,£58.54,Two,In stock,https://books.toscrape.com/catalogue/page-24.html
Man's Search for Meaning,£29.48,Three,In stock,https://books.toscrape.com/catalogue/page-24.html
Love That Boy: What ...,£25.06,Two,In stock,https://books.toscrape.com/catalogue/page-24.html
Living Forward: A Proven ...,£12.55,Three,In stock,https://books.toscrape.com/catalogue/page-24.html
Les Fleurs du Mal,£29.04,Five,In stock,https://books.toscrape.com/catalogue/page-24.html
Left Behind (Left Behind ...,£40.72,Two,In stock,https://books.toscrape.com/catalogue/page-24.html
Kill 'Em and Leave: ...,£45.05,Five,In stock,https://books.toscrape.com/catalogue/page-24.html
Kierkegaard: A Christian Missionary ...,£47.13,One,In stock,https://books.toscrape.com/catalogue/page-24.html
John Vassos: Industrial Design ...,£20.22,Four,In stock,https://books.toscrape.com/catalogue/page-24.html
I'll Give You the ...,£56.48,One,In stock,https://books.toscrape.com/catalogue/page-24.html
I Will Find You,£44.21,One,In stock,https://books.toscrape.com/catalogue/page-24.html
Hystopia: A Novel,£21.96,Four,In stock,https://books.toscrape.com/catalogue/page-24.html
Howl and Other Poems,£40.45,Two,In stock,https://books.toscrape.com/catalogue/page-24.html
History of Beauty,£10.29,Four,In stock,https://books.toscrape.com/catalogue/page-24.html
Heaven is for Real: ...,£52.86,Two,In stock,https://books.toscrape.com/catalogue/page-25.html
Future Shock (Future Shock ...,£55.65,Five,In stock,https://books.toscrape.com/catalogue/page-25.html
Ender's Game (The Ender ...,£43.64,One,In stock,https://books.toscrape.com/catalogue/page-25.html
Diary of a Citizen ...,£28.41,One,In stock,https://books.toscrape.com/catalogue/page-25.html
Death by Leisure: A ...,£37.51,Four,In stock,https://books.toscrape.com/catalogue/page-25.html
Brilliant Beacons: A History ...,£11.45,Three,In stock,https://books.toscrape.com/catalogue/page-25.html
Brazen: The Courage to ...,£19.22,Two,In stock,https://books.toscrape.com/catalogue/page-25.html
Between the World and ...,£56.91,Four,In stock,https://books.toscrape.com/catalogue/page-25.html
Being Mortal: Medicine and ...,£55.06,Four,In stock,https://books.toscrape.com/catalogue/page-25.html
A Murder Over a ...,£13.20,Three,In stock,https://books.toscrape.com/catalogue/page-25.html
32 Yolks,£53.63,Two,In stock,https://books.toscrape.com/catalogue/page-25.html
"""Most Blessed of the ...",£44.48,Five,In stock,https://books.toscrape.com/catalogue/page-25.html
You Are a Badass: ...,£12.08,Three,In stock,https://books.toscrape.com/catalogue/page-25.html
Wildlife of New York: ...,£22.14,Two,In stock,https://books.toscrape.com/catalogue/page-25.html
What Happened on Beale ...,£25.37,Five,In stock,https://books.toscrape.com/catalogue/page-25.html
Unreasonable Hope: Finding Faith ...,£46.33,Two,In stock,https://books.toscrape.com/catalogue/page-25.html
Under the Tuscan Sun,£37.33,Three,In stock,https://books.toscrape.com/catalogue/page-25.html
Toddlers Are A**holes: It's ...,£25.55,One,In stock,https://books.toscrape.com/catalogue/page-25.html
The Year of Living ...,£34.72,One,In stock,https://books.toscrape.com/catalogue/page-25.html
The Whale,£35.96,Four,In stock,https://books.toscrape.com/catalogue/page-25.html
The Story of Art,£41.14,Four,In stock,https://books.toscrape.com/catalogue/page-26.html
The Origin of Species,£10.01,Four,In stock,https://books.toscrape.com/catalogue/page-26.html
The Great Gatsby,£36.05,Four,In stock,https://books.toscrape.com/catalogue/page-26.html
The Good Girl,£49.03,Three,In stock,https://books.toscrape.com/catalogue/page-26.html
The Glass Castle,£16.24,One,In stock,https://books.toscrape.com/catalogue/page-26.html
The Faith of Christopher ...,£39.55,One,In stock,https://books.toscrape.com/catalogue/page-26.html
The Drowning Girls,£35.67,Three,In stock,https://books.toscrape.com/catalogue/page-26.html
The Constant Princess (The ...,£16.62,Three,In stock,https://books.toscrape.com/catalogue/page-26.html
The Bourne Identity (Jason ...,£42.78,Four,In stock,https://books.toscrape.com/catalogue/page-26.html
The Bachelor Girl's Guide ...,£52.30,Five,In stock,https://books.toscrape.com/catalogue/page-26.html
The Art Book,£32.34,Two,In stock,https://books.toscrape.com/catalogue/page-26.html
The 7 Habits of ...,£33.17,Four,In stock,https://books.toscrape.com/catalogue/page-26.html
Team of Rivals: The ...,£20.12,Five,In stock,https://books.toscrape.com/catalogue/page-26.html
Steal Like an Artist: ...,£20.90,Two,In stock,https://books.toscrape.com/catalogue/page-26.html
"Sit, Stay, Love",£20.90,Three,In stock,https://books.toscrape.com/catalogue/page-26.html
Sister Dear,£40.20,Four,In stock,https://books.toscrape.com/catalogue/page-26.html
"Shrunken Treasures: Literary Classics, ...",£52.87,Three,In stock,https://books.toscrape.com/catalogue/page-26.html
"Rich Dad, Poor Dad",£51.74,One,In stock,https://books.toscrape.com/catalogue/page-26.html
Raymie Nightingale,£34.41,Two,In stock,https://books.toscrape.com/catalogue/page-26.html
Playing from the Heart,£32.38,One,In stock,https://books.toscrape.com/catalogue/page-26.html
Nightstruck: A Novel,£50.35,Four,In stock,https://books.toscrape.com/catalogue/page-27.html
Naturally Lean: 125 Nourishing ...,£11.38,Five,In stock,https://books.toscrape.com/catalogue/page-27.html
Meternity,£43.58,Three,In stock,https://books.toscrape.com/catalogue/page-27.html
Memoirs of a Geisha,£49.67,Three,In stock,https://books.toscrape.com/catalogue/page-27.html
Like Never Before (Walker ...,£28.77,Two,In stock,https://books.toscrape.com/catalogue/page-27.html
Life of Pi,£13.22,Four,In stock,https://books.toscrape.com/catalogue/page-27.html
Leave This Song Behind: ...,£51.17,Five,In stock,https://books.toscrape.com/catalogue/page-27.html
King's Folly (The Kinsman ...,£39.61,Five,In stock,https://books.toscrape.com/catalogue/page-27.html
John Adams,£57.43,Four,In stock,https://books.toscrape.com/catalogue/page-27.html
How to Cook Everything ...,£46.01,Four,In stock,https://books.toscrape.com/catalogue/page-27.html
How to Be a ...,£28.25,Two,In stock,https://books.toscrape.com/catalogue/page-27.html
Good in Bed (Cannie ...,£37.05,Five,In stock,https://books.toscrape.com/catalogue/page-27.html
"Fruits Basket, Vol. 7 ...",£19.57,One,In stock,https://books.toscrape.com/catalogue/page-27.html
For the Love: Fighting ...,£45.13,Three,In stock,https://books.toscrape.com/catalogue/page-27.html
Finding God in the ...,£46.64,Two,In stock,https://books.toscrape.com/catalogue/page-27.html
Every Heart a Doorway ...,£12.16,Five,In stock,https://books.toscrape.com/catalogue/page-27.html
Delivering the Truth (Quaker ...,£20.89,Four,In stock,https://books.toscrape.com/catalogue/page-27.html
Counted With the Stars ...,£17.97,Five,In stock,https://books.toscrape.com/catalogue/page-27.html
"Chronicles, Vol. 1",£52.60,Two,In stock,https://books.toscrape.com/catalogue/page-27.html
Blue Like Jazz: Nonreligious ...,£25.77,One,In stock,https://books.toscrape.com/catalogue/page-27.html
Benjamin Franklin: An American ...,£48.19,Three,In stock,https://books.toscrape.com/catalogue/page-28.html
At The Existentialist Café: ...,£29.93,Five,In stock,https://books.toscrape.com/catalogue/page-28.html
A Summer In Europe,£44.34,Two,In stock,https://books.toscrape.com/catalogue/page-28.html
A Short History of ...,£52.40,Five,In stock,https://books.toscrape.com/catalogue/page-28.html
A Gathering of Shadows ...,£44.81,Four,In stock,https://books.toscrape.com/catalogue/page-28.html
The Sound Of Love,£57.84,Five,In stock,https://books.toscrape.com/catalogue/page-28.html
The Rise and Fall ...,£39.67,Two,In stock,https://books.toscrape.com/catalogue/page-28.html
The Perks of Being ...,£55.02,Three,In stock,https://books.toscrape.com/catalogue/page-28.html
The Mysterious Affair at ...,£24.80,Four,In stock,https://books.toscrape.com/catalogue/page-28.html
The Man Who Mistook ...,£59.45,Four,In stock,https://books.toscrape.com/catalogue/page-28.html
The Makings of a ...,£31.58,Two,In stock,https://books.toscrape.com/catalogue/page-28.html
The Joy of Cooking,£43.27,Four,In stock,https://books.toscrape.com/catalogue/page-28.html
The Invention of Wings,£37.34,One,In stock,https://books.toscrape.com/catalogue/page-28.html
The Hobbit (Middle-Earth Universe),£17.80,Five,In stock,https://books.toscrape.com/catalogue/page-28.html
The Great Railway Bazaar,£30.54,One,In stock,https://books.toscrape.com/catalogue/page-28.html
The Golden Compass (His ...,£18.77,One,In stock,https://books.toscrape.com/catalogue/page-28.html
The God Delusion,£46.85,Three,In stock,https://books.toscrape.com/catalogue/page-28.html
The Girl You Left ...,£15.79,One,In stock,https://books.toscrape.com/catalogue/page-28.html
The Fellowship of the ...,£10.27,Two,In stock,https://books.toscrape.com/catalogue/page-28.html
The Collected Poems of ...,£15.42,Five,In stock,https://books.toscrape.com/catalogue/page-28.html
The Barefoot Contessa Cookbook,£59.92,Five,In stock,https://books.toscrape.com/catalogue/page-29.html
Tell the Wolves I'm ...,£50.96,Two,In stock,https://books.toscrape.com/catalogue/page-29.html
Ship Leaves Harbor: Essays ...,£30.60,Three,In stock,https://books.toscrape.com/catalogue/page-29.html
Pride and Prejudice,£19.27,Four,In stock,https://books.toscrape.com/catalogue/page-29.html
Musicophilia: Tales of Music ...,£46.58,One,In stock,https://books.toscrape.com/catalogue/page-29.html
Mere Christianity,£48.51,Three,In stock,https://books.toscrape.com/catalogue/page-29.html
Me Before You (Me ...,£19.02,One,In stock,https://books.toscrape.com/catalogue/page-29.html
In the Woods (Dublin ...,£38.38,Two,In stock,https://books.toscrape.com/catalogue/page-29.html
In Cold Blood,£49.98,Four,In stock,https://books.toscrape.com/catalogue/page-29.html
How to Stop Worrying ...,£46.49,Five,In stock,https://books.toscrape.com/catalogue/page-29.html
Give It Back,£18.32,Two,In stock,https://books.toscrape.com/catalogue/page-29.html
"Girl, Interrupted",£42.14,Three,In stock,https://books.toscrape.com/catalogue/page-29.html
Fun Home: A Family ...,£56.59,Four,In stock,https://books.toscrape.com/catalogue/page-29.html
"Fruits Basket, Vol. 6 ...",£20.96,Four,In stock,https://books.toscrape.com/catalogue/page-29.html
Deception Point,£40.32,Four,In stock,https://books.toscrape.com/catalogue/page-29.html
"Death Note, Vol. 6: ...",£36.39,Three,In stock,https://books.toscrape.com/catalogue/page-29.html
Catherine the Great: Portrait ...,£58.55,Four,In stock,https://books.toscrape.com/catalogue/page-29.html
Better Homes and Gardens ...,£39.61,Three,In stock,https://books.toscrape.com/catalogue/page-29.html
An Unquiet Mind: A ...,£21.30,Three,In stock,https://books.toscrape.com/catalogue/page-29.html
A Year in Provence ...,£56.88,Four,In stock,https://books.toscrape.com/catalogue/page-29.html
World Without End (The ...,£32.97,Four,In stock,https://books.toscrape.com/catalogue/page-30.html
"Will Grayson, Will Grayson ...",£47.31,Four,In stock,https://books.toscrape.com/catalogue/page-30.html
Why Save the Bankers?: ...,£48.67,Two,In stock,https://books.toscrape.com/catalogue/page-30.html
Where She Went (If ...,£41.73,Four,In stock,https://books.toscrape.com/catalogue/page-30.html
What If?: Serious Scientific ...,£53.68,Four,In stock,https://books.toscrape.com/catalogue/page-30.html
Two Summers,£14.64,One,In stock,https://books.toscrape.com/catalogue/page-30.html
This Is Your Brain ...,£38.40,One,In stock,https://books.toscrape.com/catalogue/page-30.html
The Secret Garden,£15.08,Four,In stock,https://books.toscrape.com/catalogue/page-30.html
The Raven King (The ...,£30.57,Two,In stock,https://books.toscrape.com/catalogue/page-30.html
The Raven Boys (The ...,£57.74,Four,In stock,https://books.toscrape.com/catalogue/page-30.html
The Power Greens Cookbook: ...,£11.05,Five,In stock,https://books.toscrape.com/catalogue/page-30.html
The Metamorphosis,£28.58,One,In stock,https://books.toscrape.com/catalogue/page-30.html
The Mathews Men: Seven ...,£42.91,Five,In stock,https://books.toscrape.com/catalogue/page-30.html
The Little Paris Bookshop,£24.73,Three,In stock,https://books.toscrape.com/catalogue/page-30.html
The Hiding Place,£55.91,Four,In stock,https://books.toscrape.com/catalogue/page-30.html
The Grand Design,£13.76,Three,In stock,https://books.toscrape.com/catalogue/page-30.html
The Firm,£45.56,Three,In stock,https://books.toscrape.com/catalogue/page-30.html
The Fault in Our ...,£47.22,One,In stock,https://books.toscrape.com/catalogue/page-30.html
The False Prince (The ...,£56.00,Five,In stock,https://books.toscrape.com/catalogue/page-30.html
The Expatriates,£44.58,Two,In stock,https://books.toscrape.com/catalogue/page-30.html
The Dream Thieves (The ...,£34.50,One,In stock,https://books.toscrape.com/catalogue/page-31.html
The Darkest Corners,£11.33,Five,In stock,https://books.toscrape.com/catalogue/page-31.html
The Crossover,£38.77,Four,In stock,https://books.toscrape.com/catalogue/page-31.html
The 5th Wave (The ...,£11.83,Two,In stock,https://books.toscrape.com/catalogue/page-31.html
Tell the Wind and ...,£45.51,Three,In stock,https://books.toscrape.com/catalogue/page-31.html
Tell Me Three Things,£41.81,One,In stock,https://books.toscrape.com/catalogue/page-31.html
Talking to Girls About ...,£25.15,Four,In stock,https://books.toscrape.com/catalogue/page-31.html
Siddhartha,£34.22,Five,In stock,https://books.toscrape.com/catalogue/page-31.html
Shiver (The Wolves of ...,£16.23,Five,In stock,https://books.toscrape.com/catalogue/page-31.html
Remember Me?,£11.48,Three,In stock,https://books.toscrape.com/catalogue/page-31.html
Red Dragon (Hannibal Lecter ...,£23.37,Three,In stock,https://books.toscrape.com/catalogue/page-31.html
Peak: Secrets from the ...,£16.28,Two,In stock,https://books.toscrape.com/catalogue/page-31.html
My Mother Was Nuts,£31.63,Four,In stock,https://books.toscrape.com/catalogue/page-31.html
Mexican Today: New and ...,£24.91,Five,In stock,https://books.toscrape.com/catalogue/page-31.html
Maybe Something Beautiful: How ...,£22.54,One,In stock,https://books.toscrape.com/catalogue/page-31.html
Lola and the Boy ...,£23.63,Four,In stock,https://books.toscrape.com/catalogue/page-31.html
Logan Kade (Fallen Crest ...,£13.12,Two,In stock,https://books.toscrape.com/catalogue/page-31.html
Last One Home (New ...,£59.98,Three,In stock,https://books.toscrape.com/catalogue/page-31.html
Killing Floor (Jack Reacher ...,£31.49,Four,In stock,https://books.toscrape.com/catalogue/page-31.html
Kill the Boy Band,£15.52,Five,In stock,https://books.toscrape.com/catalogue/page-31.html
Isla and the Happily ...,£48.13,Five,In stock,https://books.toscrape.com/catalogue/page-32.html
If I Stay (If ...,£38.13,Five,In stock,https://books.toscrape.com/catalogue/page-32.html
I Know Why the ...,£36.55,Two,In stock,https://books.toscrape.com/catalogue/page-32.html
Harry Potter and the ...,£23.32,One,In stock,https://books.toscrape.com/catalogue/page-32.html
"Fruits Basket, Vol. 5 ...",£16.33,One,In stock,https://books.toscrape.com/catalogue/page-32.html
Foundation (Foundation (Publication Order) ...,£32.42,One,In stock,https://books.toscrape.com/catalogue/page-32.html
Fool Me Once,£16.96,One,In stock,https://books.toscrape.com/catalogue/page-32.html
Find Her (Detective D.D. ...,£22.37,One,In stock,https://books.toscrape.com/catalogue/page-32.html
Evicted: Poverty and Profit ...,£42.27,One,In stock,https://books.toscrape.com/catalogue/page-32.html
Drama,£38.70,Two,In stock,https://books.toscrape.com/catalogue/page-32.html
Dracula the Un-Dead,£35.63,Five,In stock,https://books.toscrape.com/catalogue/page-32.html
Digital Fortress,£58.00,Five,In stock,https://books.toscrape.com/catalogue/page-32.html
"Death Note, Vol. 5: ...",£52.41,One,In stock,https://books.toscrape.com/catalogue/page-32.html
"Data, A Love Story: ...",£32.35,Three,In stock,https://books.toscrape.com/catalogue/page-32.html
Critique of Pure Reason,£20.75,One,In stock,https://books.toscrape.com/catalogue/page-32.html
Booked,£17.49,Five,In stock,https://books.toscrape.com/catalogue/page-32.html
"Blue Lily, Lily Blue ...",£34.13,Five,In stock,https://books.toscrape.com/catalogue/page-32.html
Approval Junkie: Adventures in ...,£58.81,Five,In stock,https://books.toscrape.com/catalogue/page-32.html
An Abundance of Katherines,£10.00,Five,In stock,https://books.toscrape.com/catalogue/page-32.html
America's War for the ...,£51.22,Two,In stock,https://books.toscrape.com/catalogue/page-32.html
Alight (The Generations Trilogy ...,£58.59,Four,In stock,https://books.toscrape.com/catalogue/page-33.html
A Girl's Guide to ...,£31.30,One,In stock,https://books.toscrape.com/catalogue/page-33.html
A Game of Thrones ...,£46.42,Two,In stock,https://books.toscrape.com/catalogue/page-33.html
A Feast for Crows ...,£17.21,Four,In stock,https://books.toscrape.com/catalogue/page-33.html
A Clash of Kings ...,£10.79,Three,In stock,https://books.toscrape.com/catalogue/page-33.html
Vogue Colors A to ...,£52.35,Four,In stock,https://books.toscrape.com/catalogue/page-33.html
The Shining (The Shining ...,£27.88,Three,In stock,https://books.toscrape.com/catalogue/page-33.html
The Pilgrim's Progress,£50.26,Two,In stock,https://books.toscrape.com/catalogue/page-33.html
The Perfect Play (Play ...,£59.99,Three,In stock,https://books.toscrape.com/catalogue/page-33.html
The Passion of Dolssa,£28.32,Five,In stock,https://books.toscrape.com/catalogue/page-33.html
The Jazz of Physics: ...,£38.71,Three,In stock,https://books.toscrape.com/catalogue/page-33.html
The Hunger Games (The ...,£29.85,Five,In stock,https://books.toscrape.com/catalogue/page-33.html
The Hound of the ...,£14.82,Two,In stock,https://books.toscrape.com/catalogue/page-33.html
The Gunning of America: ...,£16.81,Four,In stock,https://books.toscrape.com/catalogue/page-33.html
The Geography of Bliss: ...,£28.23,Two,In stock,https://books.toscrape.com/catalogue/page-33.html
The Demonists (Demonist #1),£52.11,Two,In stock,https://books.toscrape.com/catalogue/page-33.html
The Demon Prince of ...,£27.88,Two,In stock,https://books.toscrape.com/catalogue/page-33.html
The Bone Hunters (Lexy ...,£59.71,Three,In stock,https://books.toscrape.com/catalogue/page-33.html
The Beast (Black Dagger ...,£46.08,Five,In stock,https://books.toscrape.com/catalogue/page-33.html
Some Women,£13.73,Five,In stock,https://books.toscrape.com/catalogue/page-33.html
Shopaholic Ties the Knot ...,£48.39,Five,In stock,https://books.toscrape.com/catalogue/page-34.html
Paper and Fire (The ...,£49.45,Five,In stock,https://books.toscrape.com/catalogue/page-34.html
Outlander (Outlander #1),£19.67,Five,In stock,https://books.toscrape.com/catalogue/page-34.html
Orchestra of Exiles: The ...,£12.36,Three,In stock,https://books.toscrape.com/catalogue/page-34.html
No One Here Gets ...,£20.02,Five,In stock,https://books.toscrape.com/catalogue/page-34.html
Night Shift (Night Shift ...,£12.75,Four,In stock,https://books.toscrape.com/catalogue/page-34.html
Needful Things,£47.51,Four,In stock,https://books.toscrape.com/catalogue/page-34.html
Mockingjay (The Hunger Games ...,£20.44,Four,In stock,https://books.toscrape.com/catalogue/page-34.html
Misery,£34.79,Two,In stock,https://books.toscrape.com/catalogue/page-34.html
Little Women (Little Women ...,£28.07,Four,In stock,https://books.toscrape.com/catalogue/page-34.html
It,£25.01,Three,In stock,https://books.toscrape.com/catalogue/page-34.html
Harry Potter and the ...,£13.90,Three,In stock,https://books.toscrape.com/catalogue/page-34.html
Harry Potter and the ...,£24.17,Four,In stock,https://books.toscrape.com/catalogue/page-34.html
Harry Potter and the ...,£31.63,Four,In stock,https://books.toscrape.com/catalogue/page-34.html
Harry Potter and the ...,£48.75,Five,In stock,https://books.toscrape.com/catalogue/page-34.html
Harry Potter and the ...,£14.74,One,In stock,https://books.toscrape.com/catalogue/page-34.html
Gone with the Wind,£32.49,Three,In stock,https://books.toscrape.com/catalogue/page-34.html
God Is Not Great: ...,£27.80,One,In stock,https://books.toscrape.com/catalogue/page-34.html
Girl With a Pearl ...,£26.77,One,In stock,https://books.toscrape.com/catalogue/page-34.html
"Fruits Basket, Vol. 4 ...",£50.44,Four,In stock,https://books.toscrape.com/catalogue/page-34.html
Far From True (Promise ...,£34.93,Two,In stock,https://books.toscrape.com/catalogue/page-35.html
Dark Lover (Black Dagger ...,£12.87,One,In stock,https://books.toscrape.com/catalogue/page-35.html
Confessions of a Shopaholic ...,£48.94,Two,In stock,https://books.toscrape.com/catalogue/page-35.html
Changing the Game (Play ...,£13.38,Three,In stock,https://books.toscrape.com/catalogue/page-35.html
Candide,£58.63,Three,In stock,https://books.toscrape.com/catalogue/page-35.html
Can You Keep a ...,£21.94,One,In stock,https://books.toscrape.com/catalogue/page-35.html
Atlas Shrugged,£26.58,Five,In stock,https://books.toscrape.com/catalogue/page-35.html
Animal Farm,£57.22,Three,In stock,https://books.toscrape.com/catalogue/page-35.html
A Walk to Remember,£56.43,One,In stock,https://books.toscrape.com/catalogue/page-35.html
A New Earth: Awakening ...,£55.65,Five,In stock,https://books.toscrape.com/catalogue/page-35.html
A History of God: ...,£27.62,One,In stock,https://books.toscrape.com/catalogue/page-35.html
'Salem's Lot,£49.56,Four,In stock,https://books.toscrape.com/catalogue/page-35.html
Zero History (Blue Ant ...,£34.77,One,In stock,https://books.toscrape.com/catalogue/page-35.html
Wuthering Heights,£17.73,Three,In stock,https://books.toscrape.com/catalogue/page-35.html
World War Z: An ...,£21.80,One,In stock,https://books.toscrape.com/catalogue/page-35.html
Wild: From Lost to ...,£46.02,Three,In stock,https://books.toscrape.com/catalogue/page-35.html
"Where'd You Go, Bernadette",£18.13,One,In stock,https://books.toscrape.com/catalogue/page-35.html
When You Are Engulfed ...,£30.89,Five,In stock,https://books.toscrape.com/catalogue/page-35.html
We the People: The ...,£31.95,Three,In stock,https://books.toscrape.com/catalogue/page-35.html
We Are All Completely ...,£24.04,One,In stock,https://books.toscrape.com/catalogue/page-35.html
Walk the Edge (Thunder ...,£32.36,Three,In stock,https://books.toscrape.com/catalogue/page-36.html
Voyager (Outlander #3),£21.07,Five,In stock,https://books.toscrape.com/catalogue/page-36.html
Very Good Lives: The ...,£50.66,Three,In stock,https://books.toscrape.com/catalogue/page-36.html
Vegan Vegetarian Omnivore: Dinner ...,£13.66,Two,In stock,https://books.toscrape.com/catalogue/page-36.html
"Unstuffed: Decluttering Your Home, ...",£58.09,One,In stock,https://books.toscrape.com/catalogue/page-36.html
Under the Banner of ...,£30.00,One,In stock,https://books.toscrape.com/catalogue/page-36.html
Two Boys Kissing,£32.74,Two,In stock,https://books.toscrape.com/catalogue/page-36.html
Twilight (Twilight #1),£41.93,Two,In stock,https://books.toscrape.com/catalogue/page-36.html
Twenties Girl,£42.80,Two,In stock,https://books.toscrape.com/catalogue/page-36.html
Trespassing Across America: One ...,£53.51,One,In stock,https://books.toscrape.com/catalogue/page-36.html
Three-Martini Lunch,£23.21,Three,In stock,https://books.toscrape.com/catalogue/page-36.html
"Thinking, Fast and Slow",£21.14,One,In stock,https://books.toscrape.com/catalogue/page-36.html
The Wild Robot,£56.07,Three,In stock,https://books.toscrape.com/catalogue/page-36.html
The Wicked + The ...,£14.41,Three,In stock,https://books.toscrape.com/catalogue/page-36.html
The Undomestic Goddess,£45.75,Four,In stock,https://books.toscrape.com/catalogue/page-36.html
The Travelers,£15.77,One,In stock,https://books.toscrape.com/catalogue/page-36.html
The Tipping Point: How ...,£10.02,Two,In stock,https://books.toscrape.com/catalogue/page-36.html
The Thing About Jellyfish,£48.77,One,In stock,https://books.toscrape.com/catalogue/page-36.html
The Stand,£57.86,Two,In stock,https://books.toscrape.com/catalogue/page-36.html
The Smitten Kitchen Cookbook,£23.59,One,In stock,https://books.toscrape.com/catalogue/page-36.html
The Silkworm (Cormoran Strike ...,£23.05,Five,In stock,https://books.toscrape.com/catalogue/page-37.html
"The Sandman, Vol. 3: ...",£55.55,Five,In stock,https://books.toscrape.com/catalogue/page-37.html
The Rose & the ...,£58.64,Four,In stock,https://books.toscrape.com/catalogue/page-37.html
The Road to Little ...,£23.21,One,In stock,https://books.toscrape.com/catalogue/page-37.html
The Rise of Theodore ...,£42.57,Three,In stock,https://books.toscrape.com/catalogue/page-37.html
The Restaurant at the ...,£10.92,One,In stock,https://books.toscrape.com/catalogue/page-37.html
The Rest Is Noise: ...,£34.77,One,In stock,https://books.toscrape.com/catalogue/page-37.html
The Red Tent,£35.66,Five,In stock,https://books.toscrape.com/catalogue/page-37.html
The Purpose Driven Life: ...,£37.19,Three,In stock,https://books.toscrape.com/catalogue/page-37.html
The Purest Hook (Second ...,£12.25,One,In stock,https://books.toscrape.com/catalogue/page-37.html
The Picture of Dorian ...,£29.70,Two,In stock,https://books.toscrape.com/catalogue/page-37.html
The Paris Wife,£36.80,Three,In stock,https://books.toscrape.com/catalogue/page-37.html
The Obsession,£45.43,One,In stock,https://books.toscrape.com/catalogue/page-37.html
The Nightingale,£26.26,Four,In stock,https://books.toscrape.com/catalogue/page-37.html
The New Guy (and ...,£44.92,Three,In stock,https://books.toscrape.com/catalogue/page-37.html
The Nanny Diaries (Nanny ...,£52.53,Five,In stock,https://books.toscrape.com/catalogue/page-37.html
The Name of God ...,£37.25,Two,In stock,https://books.toscrape.com/catalogue/page-37.html
The Maze Runner (The ...,£20.93,One,In stock,https://books.toscrape.com/catalogue/page-37.html
The Lover's Dictionary,£58.09,Two,In stock,https://books.toscrape.com/catalogue/page-37.html
The Lonely Ones,£43.59,Five,In stock,https://books.toscrape.com/catalogue/page-37.html
The Lean Startup: How ...,£33.92,Three,In stock,https://books.toscrape.com/catalogue/page-38.html
The Last Painting of ...,£55.55,Two,In stock,https://books.toscrape.com/catalogue/page-38.html
"The Land of 10,000 ...",£29.64,Four,In stock,https://books.toscrape.com/catalogue/page-38.html
The Infinities,£27.41,One,In stock,https://books.toscrape.com/catalogue/page-38.html
The Husband's Secret,£52.51,Five,In stock,https://books.toscrape.com/catalogue/page-38.html
The Hitchhiker's Guide to ...,£47.80,Three,In stock,https://books.toscrape.com/catalogue/page-38.html
The Guns of August,£14.54,Two,In stock,https://books.toscrape.com/catalogue/page-38.html
The Guernsey Literary and ...,£49.53,One,In stock,https://books.toscrape.com/catalogue/page-38.html
The Goldfinch,£43.58,Three,In stock,https://books.toscrape.com/catalogue/page-38.html
The Giver (The Giver ...,£12.30,One,In stock,https://books.toscrape.com/catalogue/page-38.html
The Girl with All ...,£49.47,Three,In stock,https://books.toscrape.com/catalogue/page-38.html
The Girl Who Played ...,£22.14,Two,In stock,https://books.toscrape.com/catalogue/page-38.html
The Girl Who Kicked ...,£57.48,One,In stock,https://books.toscrape.com/catalogue/page-38.html
The Exiled,£43.45,Three,In stock,https://books.toscrape.com/catalogue/page-38.html
The End of Faith: ...,£22.13,Four,In stock,https://books.toscrape.com/catalogue/page-38.html
"The Elegant Universe: Superstrings, ...",£13.03,Four,In stock,https://books.toscrape.com/catalogue/page-38.html
The Disappearing Spoon: And ...,£57.35,Five,In stock,https://books.toscrape.com/catalogue/page-38.html
The Devil Wears Prada ...,£44.29,One,In stock,https://books.toscrape.com/catalogue/page-38.html
The Demon-Haunted World: Science ...,£52.25,Four,In stock,https://books.toscrape.com/catalogue/page-38.html
The Day the Crayons ...,£26.33,Five,In stock,https://books.toscrape.com/catalogue/page-38.html
The Da Vinci Code ...,£22.96,Two,In stock,https://books.toscrape.com/catalogue/page-39.html
The Cuckoo's Calling (Cormoran ...,£19.21,One,In stock,https://books.toscrape.com/catalogue/page-39.html
The Complete Stories and ...,£26.78,Four,In stock,https://books.toscrape.com/catalogue/page-39.html
The Complete Poems,£41.32,Five,In stock,https://books.toscrape.com/catalogue/page-39.html
The Catcher in the ...,£24.55,One,In stock,https://books.toscrape.com/catalogue/page-39.html
The Cat in the ...,£16.26,Two,In stock,https://books.toscrape.com/catalogue/page-39.html
The Case for Christ ...,£47.84,One,In stock,https://books.toscrape.com/catalogue/page-39.html
The Book Thief,£53.49,Two,In stock,https://books.toscrape.com/catalogue/page-39.html
The Book of Basketball: ...,£44.84,Five,In stock,https://books.toscrape.com/catalogue/page-39.html
The Blind Side: Evolution ...,£53.71,Five,In stock,https://books.toscrape.com/catalogue/page-39.html
The Autobiography of Malcolm ...,£23.43,Two,In stock,https://books.toscrape.com/catalogue/page-39.html
The Art of Simple ...,£34.32,Three,In stock,https://books.toscrape.com/catalogue/page-39.html
The Art of Fielding,£22.10,One,In stock,https://books.toscrape.com/catalogue/page-39.html
"Surely You're Joking, Mr. ...",£25.83,Two,In stock,https://books.toscrape.com/catalogue/page-39.html
Stiff: The Curious Lives ...,£36.74,Three,In stock,https://books.toscrape.com/catalogue/page-39.html
Spilled Milk: Based on ...,£49.51,One,In stock,https://books.toscrape.com/catalogue/page-39.html
Something Borrowed (Darcy & ...,£48.96,Five,In stock,https://books.toscrape.com/catalogue/page-39.html
Something Blue (Darcy & ...,£54.62,One,In stock,https://books.toscrape.com/catalogue/page-39.html
Soldier (Talon #3),£24.72,Two,In stock,https://books.toscrape.com/catalogue/page-39.html
Shopaholic & Baby (Shopaholic ...,£46.45,Two,In stock,https://books.toscrape.com/catalogue/page-39.html
Seven Days in the ...,£52.33,Two,In stock,https://books.toscrape.com/catalogue/page-40.html
Seven Brief Lessons on ...,£30.60,Four,In stock,https://books.toscrape.com/catalogue/page-40.html
Scarlet (The Lunar Chronicles ...,£14.57,Four,In stock,https://books.toscrape.com/catalogue/page-40.html
Sarah's Key,£46.29,One,In stock,https://books.toscrape.com/catalogue/page-40.html
"Saga, Volume 3 (Saga ...",£21.57,Five,In stock,https://books.toscrape.com/catalogue/page-40.html
Running with Scissors,£12.91,Four,In stock,https://books.toscrape.com/catalogue/page-40.html
Rogue Lawyer (Rogue Lawyer ...,£50.11,Three,In stock,https://books.toscrape.com/catalogue/page-40.html
Rise of the Rocket ...,£41.67,Four,In stock,https://books.toscrape.com/catalogue/page-40.html
Rework,£44.88,Two,In stock,https://books.toscrape.com/catalogue/page-40.html
Reservations for Two,£11.10,Three,In stock,https://books.toscrape.com/catalogue/page-40.html
Red: The True Story ...,£28.54,Three,In stock,https://books.toscrape.com/catalogue/page-40.html
Ready Player One,£19.07,Four,In stock,https://books.toscrape.com/catalogue/page-40.html
Quiet: The Power of ...,£43.55,One,In stock,https://books.toscrape.com/catalogue/page-40.html
Prodigy: The Graphic Novel ...,£43.63,Three,In stock,https://books.toscrape.com/catalogue/page-40.html
Persepolis: The Story of ...,£39.13,One,In stock,https://books.toscrape.com/catalogue/page-40.html
Packing for Mars: The ...,£56.68,Two,In stock,https://books.toscrape.com/catalogue/page-40.html
Outliers: The Story of ...,£14.16,One,In stock,https://books.toscrape.com/catalogue/page-40.html
Original Fake,£31.45,Three,In stock,https://books.toscrape.com/catalogue/page-40.html
Orange Is the New ...,£24.61,Two,In stock,https://books.toscrape.com/catalogue/page-40.html
One for the Money ...,£32.87,Two,In stock,https://books.toscrape.com/catalogue/page-40.html
Notes from a Small ...,£40.17,One,In stock,https://books.toscrape.com/catalogue/page-41.html
Night (The Night Trilogy ...,£13.51,One,In stock,https://books.toscrape.com/catalogue/page-41.html
Neither Here nor There: ...,£38.95,Three,In stock,https://books.toscrape.com/catalogue/page-41.html
Naked,£31.69,Three,In stock,https://books.toscrape.com/catalogue/page-41.html
Morning Star (Red Rising ...,£29.40,One,In stock,https://books.toscrape.com/catalogue/page-41.html
Miracles from Heaven: A ...,£57.83,One,In stock,https://books.toscrape.com/catalogue/page-41.html
Midnight Riot (Peter Grant/ ...,£55.46,Two,In stock,https://books.toscrape.com/catalogue/page-41.html
Me Talk Pretty One ...,£57.60,Two,In stock,https://books.toscrape.com/catalogue/page-41.html
Manuscript Found in Accra,£34.98,Two,In stock,https://books.toscrape.com/catalogue/page-41.html
Lust & Wonder,£11.87,Two,In stock,https://books.toscrape.com/catalogue/page-41.html
Lila (Gilead #3),£12.47,Three,In stock,https://books.toscrape.com/catalogue/page-41.html
"Life, the Universe and ...",£33.26,Two,In stock,https://books.toscrape.com/catalogue/page-41.html
Life Without a Recipe,£59.04,Five,In stock,https://books.toscrape.com/catalogue/page-41.html
Life After Life,£26.13,Two,In stock,https://books.toscrape.com/catalogue/page-41.html
Letter to a Christian ...,£22.20,One,In stock,https://books.toscrape.com/catalogue/page-41.html
Let's Pretend This Never ...,£45.11,One,In stock,https://books.toscrape.com/catalogue/page-41.html
Legend (Legend #1),£43.69,Four,In stock,https://books.toscrape.com/catalogue/page-41.html
"Lean In: Women, Work, ...",£25.02,One,In stock,https://books.toscrape.com/catalogue/page-41.html
Lamb: The Gospel According ...,£55.50,Five,In stock,https://books.toscrape.com/catalogue/page-41.html
Lady Renegades (Rebel Belle ...,£53.04,Five,In stock,https://books.toscrape.com/catalogue/page-41.html
Jurassic Park (Jurassic Park ...,£44.97,One,In stock,https://books.toscrape.com/catalogue/page-42.html
It's Never Too Late ...,£42.38,One,In stock,https://books.toscrape.com/catalogue/page-42.html
Is Everyone Hanging Out ...,£20.11,Three,In stock,https://books.toscrape.com/catalogue/page-42.html
Into the Wild,£56.70,Five,In stock,https://books.toscrape.com/catalogue/page-42.html
Inferno (Robert Langdon #4),£41.00,Five,In stock,https://books.toscrape.com/catalogue/page-42.html
In the Garden of ...,£28.85,Three,In stock,https://books.toscrape.com/catalogue/page-42.html
If I Run (If ...,£49.97,Four,In stock,https://books.toscrape.com/catalogue/page-42.html
I've Got Your Number,£19.69,One,In stock,https://books.toscrape.com/catalogue/page-42.html
I Am Malala: The ...,£28.88,Two,In stock,https://books.toscrape.com/catalogue/page-42.html
Hungry Girl Clean & ...,£33.14,Three,In stock,https://books.toscrape.com/catalogue/page-42.html
House of Lost Worlds: ...,£43.70,Two,In stock,https://books.toscrape.com/catalogue/page-42.html
House of Leaves,£54.89,One,In stock,https://books.toscrape.com/catalogue/page-42.html
Horrible Bear!,£37.52,Two,In stock,https://books.toscrape.com/catalogue/page-42.html
Holidays on Ice,£51.07,Two,In stock,https://books.toscrape.com/catalogue/page-42.html
Heir to the Sky,£44.07,Four,In stock,https://books.toscrape.com/catalogue/page-42.html
Green Eggs and Ham ...,£10.79,Four,In stock,https://books.toscrape.com/catalogue/page-42.html
"Grayson, Vol 3: Nemesis ...",£42.72,One,In stock,https://books.toscrape.com/catalogue/page-42.html
Gratitude,£26.66,Five,In stock,https://books.toscrape.com/catalogue/page-42.html
Gone Girl,£37.60,Five,In stock,https://books.toscrape.com/catalogue/page-42.html
Golden (Heart of Dread ...,£42.21,Four,In stock,https://books.toscrape.com/catalogue/page-42.html
Girl in the Blue ...,£46.83,Two,In stock,https://books.toscrape.com/catalogue/page-43.html
"Fruits Basket, Vol. 3 ...",£45.17,Two,In stock,https://books.toscrape.com/catalogue/page-43.html
Friday Night Lights: A ...,£51.22,Three,In stock,https://books.toscrape.com/catalogue/page-43.html
Fire Bound (Sea Haven/Sisters ...,£21.28,Four,In stock,https://books.toscrape.com/catalogue/page-43.html
Fifty Shades Freed (Fifty ...,£15.36,Five,In stock,https://books.toscrape.com/catalogue/page-43.html
Fellside,£38.62,One,In stock,https://books.toscrape.com/catalogue/page-43.html
Extreme Prey (Lucas Davenport ...,£25.40,Three,In stock,https://books.toscrape.com/catalogue/page-43.html
Eragon (The Inheritance Cycle ...,£43.87,Three,In stock,https://books.toscrape.com/catalogue/page-43.html
Eclipse (Twilight #3),£18.74,One,In stock,https://books.toscrape.com/catalogue/page-43.html
Dune (Dune #1),£54.86,One,In stock,https://books.toscrape.com/catalogue/page-43.html
Dracula,£52.62,Three,In stock,https://books.toscrape.com/catalogue/page-43.html
Do Androids Dream of ...,£51.48,One,In stock,https://books.toscrape.com/catalogue/page-43.html
Disrupted: My Misadventure in ...,£15.28,Five,In stock,https://books.toscrape.com/catalogue/page-43.html
Dead Wake: The Last ...,£39.24,Five,In stock,https://books.toscrape.com/catalogue/page-43.html
"David and Goliath: Underdogs, ...",£17.81,One,In stock,https://books.toscrape.com/catalogue/page-43.html
Darkfever (Fever #1),£56.02,One,In stock,https://books.toscrape.com/catalogue/page-43.html
Dark Places,£23.90,Five,In stock,https://books.toscrape.com/catalogue/page-43.html
Crazy Rich Asians (Crazy ...,£49.13,Five,In stock,https://books.toscrape.com/catalogue/page-43.html
Counting Thyme,£10.62,One,In stock,https://books.toscrape.com/catalogue/page-43.html
Cosmos,£36.17,Two,In stock,https://books.toscrape.com/catalogue/page-43.html
Civilization and Its Discontents,£59.95,Two,In stock,https://books.toscrape.com/catalogue/page-44.html
Cinder (The Lunar Chronicles ...,£26.09,One,In stock,https://books.toscrape.com/catalogue/page-44.html
Catastrophic Happiness: Finding Joy ...,£37.35,Two,In stock,https://books.toscrape.com/catalogue/page-44.html
Career of Evil (Cormoran ...,£24.72,Two,In stock,https://books.toscrape.com/catalogue/page-44.html
Breaking Dawn (Twilight #4),£35.28,Five,In stock,https://books.toscrape.com/catalogue/page-44.html
Brave Enough,£51.32,Five,In stock,https://books.toscrape.com/catalogue/page-44.html
Boy Meets Boy,£21.12,Three,In stock,https://books.toscrape.com/catalogue/page-44.html
Born to Run: A ...,£27.35,Two,In stock,https://books.toscrape.com/catalogue/page-44.html
Blink: The Power of ...,£21.74,Five,In stock,https://books.toscrape.com/catalogue/page-44.html
Black Flags: The Rise ...,£40.87,One,In stock,https://books.toscrape.com/catalogue/page-44.html
"Black Butler, Vol. 1 ...",£49.31,One,In stock,https://books.toscrape.com/catalogue/page-44.html
Big Little Lies,£22.11,One,In stock,https://books.toscrape.com/catalogue/page-44.html
Between Shades of Gray,£20.79,Five,In stock,https://books.toscrape.com/catalogue/page-44.html
Best of My Love ...,£27.41,Two,In stock,https://books.toscrape.com/catalogue/page-44.html
Beowulf,£38.35,Two,In stock,https://books.toscrape.com/catalogue/page-44.html
Beautiful Creatures (Caster Chronicles ...,£21.55,Five,In stock,https://books.toscrape.com/catalogue/page-44.html
Awkward,£38.02,Two,In stock,https://books.toscrape.com/catalogue/page-44.html
Ash,£22.06,Four,In stock,https://books.toscrape.com/catalogue/page-44.html
Are We There Yet?,£10.66,Three,In stock,https://books.toscrape.com/catalogue/page-44.html
Are We Smart Enough ...,£56.58,One,In stock,https://books.toscrape.com/catalogue/page-44.html
Annie on My Mind,£36.83,Five,In stock,https://books.toscrape.com/catalogue/page-45.html
And Then There Were ...,£35.01,Two,In stock,https://books.toscrape.com/catalogue/page-45.html
A Walk in the ...,£30.48,Four,In stock,https://books.toscrape.com/catalogue/page-45.html
A Visit from the ...,£14.08,Five,In stock,https://books.toscrape.com/catalogue/page-45.html
A Storm of Swords ...,£31.22,Two,In stock,https://books.toscrape.com/catalogue/page-45.html
A Heartbreaking Work of ...,£54.29,Five,In stock,https://books.toscrape.com/catalogue/page-45.html
8 Keys to Mental ...,£31.04,One,In stock,https://books.toscrape.com/catalogue/page-45.html
#GIRLBOSS,£50.96,One,In stock,https://books.toscrape.com/catalogue/page-45.html
The Suffragettes (Little Black ...,£11.89,Two,In stock,https://books.toscrape.com/catalogue/page-45.html
The Sense of an ...,£31.38,Three,In stock,https://books.toscrape.com/catalogue/page-45.html
"The Sandman, Vol. 2: ...",£54.81,One,In stock,https://books.toscrape.com/catalogue/page-45.html
The Course of Love,£16.78,Three,In stock,https://books.toscrape.com/catalogue/page-45.html
Sugar Rush (Offensive Line ...,£24.42,One,In stock,https://books.toscrape.com/catalogue/page-45.html
"Saga, Volume 2 (Saga ...",£11.75,Three,In stock,https://books.toscrape.com/catalogue/page-45.html
"Run, Spot, Run: The ...",£20.02,One,In stock,https://books.toscrape.com/catalogue/page-45.html
New Moon (Twilight #2),£12.86,Four,In stock,https://books.toscrape.com/catalogue/page-45.html
Life,£31.58,Five,In stock,https://books.toscrape.com/catalogue/page-45.html
Kindle Paperwhite User's Guide,£34.00,Three,In stock,https://books.toscrape.com/catalogue/page-45.html
H is for Hawk,£57.42,Five,In stock,https://books.toscrape.com/catalogue/page-45.html
Girl Online On Tour ...,£53.47,One,In stock,https://books.toscrape.com/catalogue/page-45.html
"Fruits Basket, Vol. 2 ...",£11.64,Five,In stock,https://books.toscrape.com/catalogue/page-46.html
Diary of a Minecraft ...,£52.88,Four,In stock,https://books.toscrape.com/catalogue/page-46.html
"Y: The Last Man, ...",£18.51,Four,In stock,https://books.toscrape.com/catalogue/page-46.html
While You Were Mine,£41.32,Five,In stock,https://books.toscrape.com/catalogue/page-46.html
Where Lightning Strikes (Bleeding ...,£39.77,Three,In stock,https://books.toscrape.com/catalogue/page-46.html
When I'm Gone,£51.96,Three,In stock,https://books.toscrape.com/catalogue/page-46.html
Ways of Seeing,£39.51,Five,In stock,https://books.toscrape.com/catalogue/page-46.html
"Vampire Knight, Vol. 1 ...",£15.40,One,In stock,https://books.toscrape.com/catalogue/page-46.html
Vampire Girl (Vampire Girl ...,£53.82,Two,In stock,https://books.toscrape.com/catalogue/page-46.html
Twenty Love Poems and ...,£30.95,Four,In stock,https://books.toscrape.com/catalogue/page-46.html
Travels with Charley: In ...,£57.82,Five,In stock,https://books.toscrape.com/catalogue/page-46.html
Three Wishes (River of ...,£44.18,Two,In stock,https://books.toscrape.com/catalogue/page-46.html
This One Moment (Pushing ...,£48.71,One,In stock,https://books.toscrape.com/catalogue/page-46.html
The Zombie Room,£19.69,Five,In stock,https://books.toscrape.com/catalogue/page-46.html
The Wicked + The ...,£36.52,Two,In stock,https://books.toscrape.com/catalogue/page-46.html
The Tumor,£41.56,Five,In stock,https://books.toscrape.com/catalogue/page-46.html
The Story of Hong ...,£43.19,Four,In stock,https://books.toscrape.com/catalogue/page-46.html
The Silent Wife,£12.34,Five,In stock,https://books.toscrape.com/catalogue/page-46.html
The Silent Twin (Detective ...,£36.25,Three,In stock,https://books.toscrape.com/catalogue/page-46.html
The Selfish Gene,£29.45,One,In stock,https://books.toscrape.com/catalogue/page-46.html
The Secret Healer,£34.56,Three,In stock,https://books.toscrape.com/catalogue/page-47.html
"The Sandman, Vol. 1: ...",£54.12,Three,In stock,https://books.toscrape.com/catalogue/page-47.html
The Republic,£33.78,Three,In stock,https://books.toscrape.com/catalogue/page-47.html
The Odyssey,£29.64,Three,In stock,https://books.toscrape.com/catalogue/page-47.html
The No. 1 Ladies' ...,£57.70,Four,In stock,https://books.toscrape.com/catalogue/page-47.html
The Nicomachean Ethics,£36.34,One,In stock,https://books.toscrape.com/catalogue/page-47.html
The Name of the ...,£50.59,Three,In stock,https://books.toscrape.com/catalogue/page-47.html
The Mirror & the ...,£29.38,One,In stock,https://books.toscrape.com/catalogue/page-47.html
The Little Prince,£45.42,Two,In stock,https://books.toscrape.com/catalogue/page-47.html
The Light of the ...,£54.43,One,In stock,https://books.toscrape.com/catalogue/page-47.html
The Last Girl (The ...,£36.26,Two,In stock,https://books.toscrape.com/catalogue/page-47.html
The Iliad,£16.16,One,In stock,https://books.toscrape.com/catalogue/page-47.html
The Hook Up (Game ...,£36.29,Five,In stock,https://books.toscrape.com/catalogue/page-47.html
The Haters,£27.89,Five,In stock,https://books.toscrape.com/catalogue/page-47.html
The Girl You Lost,£12.29,Five,In stock,https://books.toscrape.com/catalogue/page-47.html
The Girl In The ...,£15.85,Three,In stock,https://books.toscrape.com/catalogue/page-47.html
The End of the ...,£14.40,One,In stock,https://books.toscrape.com/catalogue/page-47.html
The Edge of Reason ...,£19.18,Four,In stock,https://books.toscrape.com/catalogue/page-47.html
The Complete Maus (Maus ...,£10.64,Three,In stock,https://books.toscrape.com/catalogue/page-47.html
The Communist Manifesto,£14.76,Three,In stock,https://books.toscrape.com/catalogue/page-47.html
The Bhagavad Gita,£57.49,Three,In stock,https://books.toscrape.com/catalogue/page-48.html
The Bette Davis Club,£30.66,Three,In stock,https://books.toscrape.com/catalogue/page-48.html
The Art of Not ...,£40.83,Four,In stock,https://books.toscrape.com/catalogue/page-48.html
Taking Shots (Assassins #1),£18.88,Two,In stock,https://books.toscrape.com/catalogue/page-48.html
Starlark,£25.83,Three,In stock,https://books.toscrape.com/catalogue/page-48.html
"Skip Beat!, Vol. 01 ...",£42.12,Three,In stock,https://books.toscrape.com/catalogue/page-48.html
Sister Sable (The Mad ...,£13.33,Three,In stock,https://books.toscrape.com/catalogue/page-48.html
Shatter Me (Shatter Me ...,£42.40,One,In stock,https://books.toscrape.com/catalogue/page-48.html
Shameless,£58.35,Three,In stock,https://books.toscrape.com/catalogue/page-48.html
Shadow Rites (Jane Yellowrock ...,£21.72,Four,In stock,https://books.toscrape.com/catalogue/page-48.html
Settling the Score (The ...,£44.91,Two,In stock,https://books.toscrape.com/catalogue/page-48.html
Sense and Sensibility,£37.46,One,In stock,https://books.toscrape.com/catalogue/page-48.html
"Saga, Volume 1 (Saga ...",£28.48,One,In stock,https://books.toscrape.com/catalogue/page-48.html
"Rhythm, Chord & Malykhin",£28.34,Two,In stock,https://books.toscrape.com/catalogue/page-48.html
"Rat Queens, Vol. 1: ...",£46.96,Five,In stock,https://books.toscrape.com/catalogue/page-48.html
Paradise Lost (Paradise #1),£24.96,One,In stock,https://books.toscrape.com/catalogue/page-48.html
"Paper Girls, Vol. 1 ...",£21.71,Four,In stock,https://books.toscrape.com/catalogue/page-48.html
Ouran High School Host ...,£29.87,Three,In stock,https://books.toscrape.com/catalogue/page-48.html
Origins (Alphas 0.5),£28.99,One,In stock,https://books.toscrape.com/catalogue/page-48.html
One Second (Seven #7),£52.94,Two,In stock,https://books.toscrape.com/catalogue/page-48.html
On the Road (Duluoz ...,£32.36,Three,In stock,https://books.toscrape.com/catalogue/page-49.html
Old Records Never Die: ...,£55.66,Two,In stock,https://books.toscrape.com/catalogue/page-49.html
Off Sides (Off #1),£39.45,Five,In stock,https://books.toscrape.com/catalogue/page-49.html
Of Mice and Men,£47.11,Two,In stock,https://books.toscrape.com/catalogue/page-49.html
Myriad (Prentor #1),£58.75,Four,In stock,https://books.toscrape.com/catalogue/page-49.html
My Perfect Mistake (Over ...,£38.92,Two,In stock,https://books.toscrape.com/catalogue/page-49.html
"Ms. Marvel, Vol. 1: ...",£39.39,Four,In stock,https://books.toscrape.com/catalogue/page-49.html
Meditations,£25.89,Two,In stock,https://books.toscrape.com/catalogue/page-49.html
Matilda,£28.34,One,In stock,https://books.toscrape.com/catalogue/page-49.html
Lost Among the Living,£27.70,Four,In stock,https://books.toscrape.com/catalogue/page-49.html
Lord of the Flies,£24.89,Three,In stock,https://books.toscrape.com/catalogue/page-49.html
Listen to Me (Fusion ...,£58.99,Three,In stock,https://books.toscrape.com/catalogue/page-49.html
Kitchens of the Great ...,£57.20,Five,In stock,https://books.toscrape.com/catalogue/page-49.html
Jane Eyre,£38.43,Five,In stock,https://books.toscrape.com/catalogue/page-49.html
Imperfect Harmony,£34.74,Four,In stock,https://books.toscrape.com/catalogue/page-49.html
Icing (Aces Hockey #2),£40.44,Four,In stock,https://books.toscrape.com/catalogue/page-49.html
"Hawkeye, Vol. 1: My ...",£45.24,Three,In stock,https://books.toscrape.com/catalogue/page-49.html
Having the Barbarian's Baby ...,£34.96,Four,In stock,https://books.toscrape.com/catalogue/page-49.html
"Giant Days, Vol. 1 ...",£56.76,Four,In stock,https://books.toscrape.com/catalogue/page-49.html
"Fruits Basket, Vol. 1 ...",£40.28,Five,In stock,https://books.toscrape.com/catalogue/page-49.html
Frankenstein,£38.00,Two,In stock,https://books.toscrape.com/catalogue/page-50.html
Forever Rockers (The Rocker ...,£28.80,Three,In stock,https://books.toscrape.com/catalogue/page-50.html
Fighting Fate (Fighting #6),£39.24,Three,In stock,https://books.toscrape.com/catalogue/page-50.html
Emma,£32.93,Two,In stock,https://books.toscrape.com/catalogue/page-50.html
"Eat, Pray, Love",£51.32,Three,In stock,https://books.toscrape.com/catalogue/page-50.html
Deep Under (Walker Security ...,£47.09,Five,In stock,https://books.toscrape.com/catalogue/page-50.html
Choosing Our Religion: The ...,£28.42,Four,In stock,https://books.toscrape.com/catalogue/page-50.html
Charlie and the Chocolate ...,£22.85,Three,In stock,https://books.toscrape.com/catalogue/page-50.html
Charity's Cross (Charles Towne ...,£41.24,One,In stock,https://books.toscrape.com/catalogue/page-50.html
Bright Lines,£39.07,Five,In stock,https://books.toscrape.com/catalogue/page-50.html
Bridget Jones's Diary (Bridget ...,£29.82,One,In stock,https://books.toscrape.com/catalogue/page-50.html
Bounty (Colorado Mountain #7),£37.26,Four,In stock,https://books.toscrape.com/catalogue/page-50.html
Blood Defense (Samantha Brinkman ...,£20.30,Three,In stock,https://books.toscrape.com/catalogue/page-50.html
"Bleach, Vol. 1: Strawberry ...",£34.65,Five,In stock,https://books.toscrape.com/catalogue/page-50.html
Beyond Good and Evil,£43.38,One,In stock,https://books.toscrape.com/catalogue/page-50.html
Alice in Wonderland (Alice's ...,£55.53,One,In stock,https://books.toscrape.com/catalogue/page-50.html
"Ajin: Demi-Human, Volume 1 ...",£57.06,Four,In stock,https://books.toscrape.com/catalogue/page-50.html
A Spy's Devotion (The ...,£16.97,Five,In stock,https://books.toscrape.com/catalogue/page-50.html
1st to Die (Women's ...,£53.98,One,In stock,https://books.toscrape.com/catalogue/page-50.html
"1,000 Places to See ...",£26.08,Five,In stock,https://books.toscrape.com/catalogue/page-50.html
